object,comment,filter,seqtot,seqnum,seqid,expType,object.1,proposer,program,RA,propid,dec,expTime,count,wait
GAMA_J132337.89-005603.00_N540,--,N540,512,1,S2021A,object,GAMA_J132337.89-005603.00_N708,Leauthaud,Merian,200.9079091770380,2020B-0288,-0.9341673003826920,900,1,FALSE
GAMA_J132448.03-010036.00_N540,--,N540,512,2,S2021A,object,GAMA_J132448.03-010036.00_N708,Leauthaud,Merian,201.20015278319700,2020B-0288,-1.010001067210250,900,1,FALSE
GAMA_J132558.78-010316.19_N540,--,N540,512,3,S2021A,object,GAMA_J132558.78-010316.19_N708,Leauthaud,Merian,201.49492124735600,2020B-0288,-1.0544975059361700,900,1,FALSE
GAMA_J132709.53-010555.59_N540,--,N540,512,4,S2021A,object,GAMA_J132709.53-010555.59_N708,Leauthaud,Merian,201.7897116293940,2020B-0288,-1.0987776935310100,900,1,FALSE
GAMA_J145638.24-004302.78_N540,--,N540,512,5,S2021A,object,GAMA_J145638.24-004302.78_N708,Leauthaud,Merian,224.15936165640800,2020B-0288,-0.7174402622984500,900,1,FALSE
GAMA_J145748.43-004624.05_N540,--,N540,512,6,S2021A,object,GAMA_J145748.43-004624.05_N708,Leauthaud,Merian,224.45181988823700,2020B-0288,-0.7733476240518540,900,1,FALSE
GAMA_J145859.20-004817.82_N540,--,N540,512,7,S2021A,object,GAMA_J145859.20-004817.82_N708,Leauthaud,Merian,224.74670425800200,2020B-0288,-0.804951001862771,900,1,FALSE
GAMA_J150009.98-005010.21_N540,--,N540,512,8,S2021A,object,GAMA_J150009.98-005010.21_N708,Leauthaud,Merian,225.04160994901800,2020B-0288,-0.8361711082608200,900,1,FALSE
GAMA_J145014.96-004411.67_N540,--,N540,512,9,S2021A,object,GAMA_J145014.96-004411.67_N708,Leauthaud,Merian,222.56234772929600,2020B-0288,-0.736575957983442,900,1,FALSE
GAMA_J145125.15-004739.08_N540,--,N540,512,10,S2021A,object,GAMA_J145125.15-004739.08_N708,Leauthaud,Merian,222.85480645020400,2020B-0288,-0.7941889153016700,900,1,FALSE
GAMA_J145235.92-004936.73_N540,--,N540,512,11,S2021A,object,GAMA_J145235.92-004936.73_N708,Leauthaud,Merian,223.1496927608460,2020B-0288,-0.8268714340004540,900,1,FALSE
GAMA_J145346.70-005133.04_N540,--,N540,512,12,S2021A,object,GAMA_J145346.70-005133.04_N708,Leauthaud,Merian,223.4446009159530,2020B-0288,-0.8591804186813510,900,1,FALSE
GAMA_J144350.23-004518.74_N540,--,N540,512,13,S2021A,object,GAMA_J144350.23-004518.74_N708,Leauthaud,Merian,220.9593201659840,2020B-0288,-0.7552081406383660,900,1,FALSE
GAMA_J144500.42-004852.15_N540,--,N540,512,14,S2021A,object,GAMA_J144500.42-004852.15_N708,Leauthaud,Merian,221.25177700726900,2020B-0288,-0.8144881051458140,900,1,FALSE
GAMA_J144611.19-005053.62_N540,--,N540,512,15,S2021A,object,GAMA_J144611.19-005053.62_N708,Leauthaud,Merian,221.5466637466750,2020B-0288,-0.8482282959289050,900,1,FALSE
GAMA_J144721.97-005253.77_N540,--,N540,512,16,S2021A,object,GAMA_J144721.97-005253.77_N708,Leauthaud,Merian,221.8415727874850,2020B-0288,-0.8816050196827650,900,1,FALSE
GAMA_J143723.82-004623.97_N540,--,N540,512,17,S2021A,object,GAMA_J143723.82-004623.97_N708,Leauthaud,Merian,219.34927887046700,2020B-0288,-0.7733267327496110,900,1,FALSE
GAMA_J143834.01-005003.24_N540,--,N540,512,18,S2021A,object,GAMA_J143834.01-005003.24_N708,Leauthaud,Merian,219.6417314392290,2020B-0288,-0.8342342925631150,900,1,FALSE
GAMA_J143944.78-005208.43_N540,--,N540,512,19,S2021A,object,GAMA_J143944.78-005208.43_N708,Leauthaud,Merian,219.9366170756430,2020B-0288,-0.8690102009992240,900,1,FALSE
GAMA_J144055.56-005412.35_N540,--,N540,512,20,S2021A,object,GAMA_J144055.56-005412.35_N708,Leauthaud,Merian,220.2315254021310,2020B-0288,-0.9034330408419880,900,1,FALSE
GAMA_J143055.25-004727.35_N540,--,N540,512,21,S2021A,object,GAMA_J143055.25-004727.35_N708,Leauthaud,Merian,217.73022371949300,2020B-0288,-0.7909309137015530,900,1,FALSE
GAMA_J143205.44-005112.33_N540,--,N540,512,22,S2021A,object,GAMA_J143205.44-005112.33_N708,Leauthaud,Merian,218.0226695954500,2020B-0288,-0.8534266831434510,900,1,FALSE
GAMA_J143316.21-005321.17_N540,--,N540,512,23,S2021A,object,GAMA_J143316.21-005321.17_N708,Leauthaud,Merian,218.31755257630000,2020B-0288,-0.8892164183621420,900,1,FALSE
GAMA_J143426.99-005528.78_N540,--,N540,512,24,S2021A,object,GAMA_J143426.99-005528.78_N708,Leauthaud,Merian,218.61245856581800,2020B-0288,-0.9246638237271600,900,1,FALSE
GAMA_J142424.75-004828.74_N540,--,N540,512,25,S2021A,object,GAMA_J142424.75-004828.74_N708,Leauthaud,Merian,216.10315470929600,2020B-0288,-0.8079859259939990,900,1,FALSE
GAMA_J142534.94-005219.29_N540,--,N540,512,26,S2021A,object,GAMA_J142534.94-005219.29_N708,Leauthaud,Merian,216.39559145993700,2020B-0288,-0.8720274940841290,900,1,FALSE
GAMA_J142645.71-005431.70_N540,--,N540,512,27,S2021A,object,GAMA_J142645.71-005431.70_N708,Leauthaud,Merian,216.6904702183810,2020B-0288,-0.9088072856119920,900,1,FALSE
GAMA_J142756.48-005642.92_N540,--,N540,512,28,S2021A,object,GAMA_J142756.48-005642.92_N708,Leauthaud,Merian,216.98537223163700,2020B-0288,-0.9452558154329620,900,1,FALSE
GAMA_J141751.61-004928.19_N540,--,N540,512,29,S2021A,object,GAMA_J141751.61-004928.19_N708,Leauthaud,Merian,214.46507169880100,2020B-0288,-0.8244981343288890,900,1,FALSE
GAMA_J141901.79-005324.15_N540,--,N540,512,30,S2021A,object,GAMA_J141901.79-005324.15_N708,Leauthaud,Merian,214.7574968623340,2020B-0288,-0.8900437958222350,900,1,FALSE
GAMA_J142012.56-005540.04_N540,--,N540,512,31,S2021A,object,GAMA_J142012.56-005540.04_N708,Leauthaud,Merian,215.05236981017400,2020B-0288,-0.9277903850665210,900,1,FALSE
GAMA_J142123.34-005754.78_N540,--,N540,512,32,S2021A,object,GAMA_J142123.34-005754.78_N708,Leauthaud,Merian,215.34726618486500,2020B-0288,-0.965217126308212,900,1,FALSE
GAMA_J141116.07-005025.55_N540,--,N540,512,33,S2021A,object,GAMA_J141116.07-005025.55_N708,Leauthaud,Merian,212.81697475133200,2020B-0288,-0.8404311412134570,900,1,FALSE
GAMA_J141226.25-005426.76_N540,--,N540,512,34,S2021A,object,GAMA_J141226.25-005426.76_N708,Leauthaud,Merian,213.10938586491400,2020B-0288,-0.9074360245003910,900,1,FALSE
GAMA_J141337.02-005646.04_N540,--,N540,512,35,S2021A,object,GAMA_J141337.02-005646.04_N708,Leauthaud,Merian,213.40425140654400,2020B-0288,-0.9461241864713090,900,1,FALSE
GAMA_J141447.79-005904.21_N540,--,N540,512,36,S2021A,object,GAMA_J141447.79-005904.21_N708,Leauthaud,Merian,213.69914047082100,2020B-0288,-0.9845042484429600,900,1,FALSE
GAMA_J140437.64-005120.79_N540,--,N540,512,37,S2021A,object,GAMA_J140437.64-005120.79_N708,Leauthaud,Merian,211.15686380377000,2020B-0288,-0.8557772835558600,900,1,FALSE
GAMA_J140547.82-005527.10_N540,--,N540,512,38,S2021A,object,GAMA_J140547.82-005527.10_N708,Leauthaud,Merian,211.4492583864220,2020B-0288,-0.924195979171048,900,1,FALSE
GAMA_J140658.58-005749.68_N540,--,N540,512,39,S2021A,object,GAMA_J140658.58-005749.68_N708,Leauthaud,Merian,211.74411491065600,2020B-0288,-0.9638002171475300,900,1,FALSE
GAMA_J140809.35-010011.19_N540,--,N540,512,40,S2021A,object,GAMA_J140809.35-010011.19_N708,Leauthaud,Merian,212.0389949753260,2020B-0288,-1.0031084470623000,900,1,FALSE
GAMA_J135756.09-005213.86_N540,--,N540,512,41,S2021A,object,GAMA_J135756.09-005213.86_N708,Leauthaud,Merian,209.48373886473400,2020B-0288,-0.8705168266688440,900,1,FALSE
GAMA_J135906.26-005625.08_N540,--,N540,512,42,S2021A,object,GAMA_J135906.26-005625.08_N708,Leauthaud,Merian,209.7761144277130,2020B-0288,-0.9403023034292050,900,1,FALSE
GAMA_J140017.03-005850.86_N540,--,N540,512,43,S2021A,object,GAMA_J140017.03-005850.86_N708,Leauthaud,Merian,210.07096031323200,2020B-0288,-0.9807961595222490,900,1,FALSE
GAMA_J140127.79-010115.62_N540,--,N540,512,44,S2021A,object,GAMA_J140127.79-010115.62_N708,Leauthaud,Merian,210.3658296771270,2020B-0288,-1.0210064461797900,900,1,FALSE
GAMA_J134745.66+003930.78_N540,--,N540,512,45,S2021A,object,GAMA_J134745.66+003930.78_N708,Leauthaud,Merian,206.94026542789900,2020B-0288,0.6585505331495700,900,1,FALSE
GAMA_J134855.54+003512.48_N540,--,N540,512,46,S2021A,object,GAMA_J134855.54+003512.48_N708,Leauthaud,Merian,207.23145377520700,2020B-0288,0.5868012124263670,900,1,FALSE
GAMA_J135006.12+003242.07_N540,--,N540,512,47,S2021A,object,GAMA_J135006.12+003242.07_N708,Leauthaud,Merian,207.5255216704690,2020B-0288,0.5450205977842160,900,1,FALSE
GAMA_J135116.70+003012.61_N540,--,N540,512,48,S2021A,object,GAMA_J135116.70+003012.61_N708,Leauthaud,Merian,207.81960083547000,2020B-0288,0.5035037909796440,900,1,FALSE
GAMA_J135111.18-005304.66_N540,--,N540,512,49,S2021A,object,GAMA_J135111.18-005304.66_N708,Leauthaud,Merian,207.7965999720650,2020B-0288,-0.8846281828680200,900,1,FALSE
GAMA_J135221.34-005720.63_N540,--,N540,512,50,S2021A,object,GAMA_J135221.34-005720.63_N708,Leauthaud,Merian,208.08895402357700,2020B-0288,-0.9557316322108830,900,1,FALSE
GAMA_J135332.10-005949.51_N540,--,N540,512,51,S2021A,object,GAMA_J135332.10-005949.51_N708,Leauthaud,Merian,208.38378764173000,2020B-0288,-0.9970875933558750,900,1,FALSE
GAMA_J135442.87-010217.42_N540,--,N540,512,52,S2021A,object,GAMA_J135442.87-010217.42_N708,Leauthaud,Merian,208.67864459458100,2020B-0288,-1.0381727730739700,900,1,FALSE
GAMA_J134055.90+003800.39_N540,--,N540,512,53,S2021A,object,GAMA_J134055.90+003800.39_N708,Leauthaud,Merian,205.23291949828500,2020B-0288,0.6334436165766730,900,1,FALSE
GAMA_J134205.79+003337.63_N540,--,N540,512,54,S2021A,object,GAMA_J134205.79+003337.63_N708,Leauthaud,Merian,205.52414946813600,2020B-0288,0.5604554405089880,900,1,FALSE
GAMA_J134316.37+003104.28_N540,--,N540,512,55,S2021A,object,GAMA_J134316.37+003104.28_N708,Leauthaud,Merian,205.81824229355500,2020B-0288,0.5178576737992880,900,1,FALSE
GAMA_J134426.96+002831.83_N540,--,N540,512,56,S2021A,object,GAMA_J134426.96+002831.83_N708,Leauthaud,Merian,206.11234600576200,2020B-0288,0.4755104542244830,900,1,FALSE
GAMA_J134423.14-005353.06_N540,--,N540,512,57,S2021A,object,GAMA_J134423.14-005353.06_N708,Leauthaud,Merian,206.0964473840570,2020B-0288,-0.898072496537179,900,1,FALSE
GAMA_J134533.30-005813.59_N540,--,N540,512,58,S2021A,object,GAMA_J134533.30-005813.59_N708,Leauthaud,Merian,206.3887774642550,2020B-0288,-0.970441719130864,900,1,FALSE
GAMA_J134644.06-010045.46_N540,--,N540,512,59,S2021A,object,GAMA_J134644.06-010045.46_N708,Leauthaud,Merian,206.68359719955900,2020B-0288,-1.0126301615008700,900,1,FALSE
GAMA_J134754.82-010316.41_N540,--,N540,512,60,S2021A,object,GAMA_J134754.82-010316.41_N708,Leauthaud,Merian,206.97844004289200,2020B-0288,-1.0545609468215100,900,1,FALSE
GAMA_J133731.50-005439.00_N540,--,N540,512,61,S2021A,object,GAMA_J133731.50-005439.00_N708,Leauthaud,Merian,204.3812811525880,2020B-0288,-0.9108343353392780,900,1,FALSE
GAMA_J133841.66-005903.89_N540,--,N540,512,62,S2021A,object,GAMA_J133841.66-005903.89_N708,Leauthaud,Merian,204.67358480205000,2020B-0288,-0.9844159425094770,900,1,FALSE
GAMA_J133952.41-010138.66_N540,--,N540,512,63,S2021A,object,GAMA_J133952.41-010138.66_N708,Leauthaud,Merian,204.96838903449100,2020B-0288,-1.0274065776681200,900,1,FALSE
GAMA_J134103.17-010412.55_N540,--,N540,512,64,S2021A,object,GAMA_J134103.17-010412.55_N708,Leauthaud,Merian,205.26321606380700,2020B-0288,-1.0701530260136200,900,1,FALSE
GAMA_J133036.02-005522.39_N540,--,N540,512,65,S2021A,object,GAMA_J133036.02-005522.39_N708,Leauthaud,Merian,202.65010144997500,2020B-0288,-0.922887719579268,900,1,FALSE
GAMA_J133146.17-005951.45_N540,--,N540,512,66,S2021A,object,GAMA_J133146.17-005951.45_N708,Leauthaud,Merian,202.9423762286970,2020B-0288,-0.9976261676046970,900,1,FALSE
GAMA_J133256.91-010228.99_N540,--,N540,512,67,S2021A,object,GAMA_J133256.91-010228.99_N708,Leauthaud,Merian,203.2371633447680,2020B-0288,-1.0413874195234000,900,1,FALSE
GAMA_J133407.67-010505.70_N540,--,N540,512,68,S2021A,object,GAMA_J133407.67-010505.70_N708,Leauthaud,Merian,203.53197286077900,2020B-0288,-1.0849183024588100,900,1,FALSE
GAMA_J115616.04-005959.52_N540,--,N540,512,69,S2021A,object,GAMA_J115616.04-005959.52_N708,Leauthaud,Merian,179.06685790306300,2020B-0288,-0.9998674064120840,900,1,FALSE
GAMA_J115726.06-010459.63_N540,--,N540,512,70,S2021A,object,GAMA_J115726.06-010459.63_N708,Leauthaud,Merian,179.35858536641500,2020B-0288,-1.0832321354179900,900,1,FALSE
GAMA_J115836.72-010759.80_N540,--,N540,512,71,S2021A,object,GAMA_J115836.72-010759.80_N708,Leauthaud,Merian,179.65303212982000,2020B-0288,-1.1332792253582700,900,1,FALSE
GAMA_J115947.39-011059.87_N540,--,N540,512,72,S2021A,object,GAMA_J115947.39-011059.87_N708,Leauthaud,Merian,179.9474888017360,2020B-0288,-1.1832995031790100,900,1,FALSE
GAMA_J115616.23+014659.27_N540,--,N540,512,73,S2021A,object,GAMA_J115616.23+014659.27_N708,Leauthaud,Merian,179.06764897147400,2020B-0288,1.7831324811845800,900,1,FALSE
GAMA_J115726.20+014159.16_N540,--,N540,512,74,S2021A,object,GAMA_J115726.20+014159.16_N708,Leauthaud,Merian,179.35917440122000,2020B-0288,1.6997678022601000,900,1,FALSE
GAMA_J115836.80+013858.99_N540,--,N540,512,75,S2021A,object,GAMA_J115836.80+013858.99_N708,Leauthaud,Merian,179.65336546440800,2020B-0288,1.649720754683440,900,1,FALSE
GAMA_J115947.41+013558.92_N540,--,N540,512,76,S2021A,object,GAMA_J115947.41+013558.92_N708,Leauthaud,Merian,179.947541474039,2020B-0288,1.5997004963226400,900,1,FALSE
GAMA_J115232.52+002336.70_N540,--,N540,512,77,S2021A,object,GAMA_J115232.52+002336.70_N708,Leauthaud,Merian,178.13550736936500,2020B-0288,0.3935295462289740,900,1,FALSE
GAMA_J115342.51+001836.38_N540,--,N540,512,78,S2021A,object,GAMA_J115342.51+001836.38_N708,Leauthaud,Merian,178.42714203495800,2020B-0288,0.3101082454839690,900,1,FALSE
GAMA_J115453.15+001535.93_N540,--,N540,512,79,S2021A,object,GAMA_J115453.15+001535.93_N708,Leauthaud,Merian,178.72146485531100,2020B-0288,0.2599822100989440,900,1,FALSE
GAMA_J115603.78+001235.54_N540,--,N540,512,80,S2021A,object,GAMA_J115603.78+001235.54_N708,Leauthaud,Merian,179.0157843770500,2020B-0288,0.20987461599790300,900,1,FALSE
GAMA_J114848.61-005955.71_N540,--,N540,512,81,S2021A,object,GAMA_J114848.61-005955.71_N708,Leauthaud,Merian,177.20257461518700,2020B-0288,-0.9988085729774400,900,1,FALSE
GAMA_J114958.62-010456.15_N540,--,N540,512,82,S2021A,object,GAMA_J114958.62-010456.15_N708,Leauthaud,Merian,177.49425270627600,2020B-0288,-1.0822644395783300,900,1,FALSE
GAMA_J115109.28-010756.84_N540,--,N540,512,83,S2021A,object,GAMA_J115109.28-010756.84_N708,Leauthaud,Merian,177.78866786136100,2020B-0288,-1.1324562563480000,900,1,FALSE
GAMA_J115219.94-011057.49_N540,--,N540,512,84,S2021A,object,GAMA_J115219.94-011057.49_N708,Leauthaud,Merian,178.08309151474100,2020B-0288,-1.1826379992851500,900,1,FALSE
GAMA_J115232.18+031042.71_N540,--,N540,512,85,S2021A,object,GAMA_J115232.18+031042.71_N708,Leauthaud,Merian,178.134094413877,2020B-0288,3.178530799883000,900,1,FALSE
GAMA_J115342.14+030542.39_N540,--,N540,512,86,S2021A,object,GAMA_J115342.14+030542.39_N708,Leauthaud,Merian,178.42559283862000,2020B-0288,3.0951094267310000,900,1,FALSE
GAMA_J115452.72+030241.93_N540,--,N540,512,87,S2021A,object,GAMA_J115452.72+030241.93_N708,Leauthaud,Merian,178.71969927467400,2020B-0288,3.0449832626834200,900,1,FALSE
GAMA_J115603.30+025941.55_N540,--,N540,512,88,S2021A,object,GAMA_J115603.30+025941.55_N708,Leauthaud,Merian,179.0137774111600,2020B-0288,2.994875505225110,900,1,FALSE
GAMA_J114848.94+014728.28_N540,--,N540,512,89,S2021A,object,GAMA_J114848.94+014728.28_N708,Leauthaud,Merian,177.20395195290400,2020B-0288,1.7911912662010300,900,1,FALSE
GAMA_J114958.93+014227.84_N540,--,N540,512,90,S2021A,object,GAMA_J114958.93+014227.84_N708,Leauthaud,Merian,177.4955596744360,2020B-0288,1.7077354334381800,900,1,FALSE
GAMA_J115109.55+013927.15_N540,--,N540,512,91,S2021A,object,GAMA_J115109.55+013927.15_N708,Leauthaud,Merian,177.78979790400200,2020B-0288,1.6575436939194300,900,1,FALSE
GAMA_J115220.16+013626.50_N540,--,N540,512,92,S2021A,object,GAMA_J115220.16+013626.50_N708,Leauthaud,Merian,178.08401957716700,2020B-0288,1.6073620254624500,900,1,FALSE
GAMA_J114505.52+002356.81_N540,--,N540,512,93,S2021A,object,GAMA_J114505.52+002356.81_N708,Leauthaud,Merian,176.2730190974170,2020B-0288,0.3991153520216950,900,1,FALSE
GAMA_J114615.52+001856.32_N540,--,N540,512,94,S2021A,object,GAMA_J114615.52+001856.32_N708,Leauthaud,Merian,176.56467041178000,2020B-0288,0.31564704959078000,900,1,FALSE
GAMA_J114726.16+001555.45_N540,--,N540,512,95,S2021A,object,GAMA_J114726.16+001555.45_N708,Leauthaud,Merian,176.8590010792920,2020B-0288,0.2654029140088840,900,1,FALSE
GAMA_J114836.79+001254.57_N540,--,N540,512,96,S2021A,object,GAMA_J114836.79+001254.57_N708,Leauthaud,Merian,177.15332697788000,2020B-0288,0.21516049724146900,900,1,FALSE
GAMA_J114122.15-005948.11_N540,--,N540,512,97,S2021A,object,GAMA_J114122.15-005948.11_N708,Leauthaud,Merian,175.34229372925000,2020B-0288,-0.9966982666977070,900,1,FALSE
GAMA_J114232.14-010448.56_N540,--,N540,512,98,S2021A,object,GAMA_J114232.14-010448.56_N708,Leauthaud,Merian,175.6339226463960,2020B-0288,-1.080157009179370,900,1,FALSE
GAMA_J114342.79-010749.58_N540,--,N540,512,99,S2021A,object,GAMA_J114342.79-010749.58_N708,Leauthaud,Merian,175.9283061969920,2020B-0288,-1.1304402753562300,900,1,FALSE
GAMA_J114453.44-011050.62_N540,--,N540,512,100,S2021A,object,GAMA_J114453.44-011050.62_N708,Leauthaud,Merian,176.22269680282700,2020B-0288,-1.1807301788633400,900,1,FALSE
GAMA_J114504.84+031142.43_N540,--,N540,512,101,S2021A,object,GAMA_J114504.84+031142.43_N708,Leauthaud,Merian,176.27020237508300,2020B-0288,3.1951203560724500,900,1,FALSE
GAMA_J114614.84+030641.94_N540,--,N540,512,102,S2021A,object,GAMA_J114614.84+030641.94_N708,Leauthaud,Merian,176.5618495466170,2020B-0288,3.111652049342890,900,1,FALSE
GAMA_J114725.45+030341.06_N540,--,N540,512,103,S2021A,object,GAMA_J114725.45+030341.06_N708,Leauthaud,Merian,176.856042730593,2020B-0288,3.0614077717493500,900,1,FALSE
GAMA_J114836.04+030040.19_N540,--,N540,512,104,S2021A,object,GAMA_J114836.04+030040.19_N708,Leauthaud,Merian,177.15020602077100,2020B-0288,3.0111651783003400,900,1,FALSE
GAMA_J114122.38+014819.09_N540,--,N540,512,105,S2021A,object,GAMA_J114122.38+014819.09_N708,Leauthaud,Merian,175.3432671699980,2020B-0288,1.8053031689680900,900,1,FALSE
GAMA_J114232.38+014318.63_N540,--,N540,512,106,S2021A,object,GAMA_J114232.38+014318.63_N708,Leauthaud,Merian,175.63495798998800,2020B-0288,1.7218444042990300,900,1,FALSE
GAMA_J114343.01+014017.62_N540,--,N540,512,107,S2021A,object,GAMA_J114343.01+014017.62_N708,Leauthaud,Merian,175.92924365535700,2020B-0288,1.6715611725717600,900,1,FALSE
GAMA_J114453.64+013716.57_N540,--,N540,512,108,S2021A,object,GAMA_J114453.64+013716.57_N708,Leauthaud,Merian,176.22351120931600,2020B-0288,1.6212713075224300,900,1,FALSE
GAMA_J113739.96+002435.08_N540,--,N540,512,109,S2021A,object,GAMA_J113739.96+002435.08_N708,Leauthaud,Merian,174.41654121517800,2020B-0288,0.4097455388053540,900,1,FALSE
GAMA_J113849.97+001934.74_N540,--,N540,512,110,S2021A,object,GAMA_J113849.97+001934.74_N708,Leauthaud,Merian,174.70820988240600,2020B-0288,0.32631815029784800,900,1,FALSE
GAMA_J114000.61+001633.63_N540,--,N540,512,111,S2021A,object,GAMA_J114000.61+001633.63_N708,Leauthaud,Merian,175.00254859029500,2020B-0288,0.27600912479081600,900,1,FALSE
GAMA_J114111.25+001332.46_N540,--,N540,512,112,S2021A,object,GAMA_J114111.25+001332.46_N708,Leauthaud,Merian,175.2968810081360,2020B-0288,0.22568514737732200,900,1,FALSE
GAMA_J113357.12-005936.77_N540,--,N540,512,113,S2021A,object,GAMA_J113357.12-005936.77_N708,Leauthaud,Merian,173.48801671060200,2020B-0288,-0.9935494552367880,900,1,FALSE
GAMA_J113507.10-010436.92_N540,--,N540,512,114,S2021A,object,GAMA_J113507.10-010436.92_N708,Leauthaud,Merian,173.7795969104950,2020B-0288,-1.0769235151946300,900,1,FALSE
GAMA_J113617.74-010738.08_N540,--,N540,512,115,S2021A,object,GAMA_J113617.74-010738.08_N708,Leauthaud,Merian,174.07394902749400,2020B-0288,-1.127245185736060,900,1,FALSE
GAMA_J113728.39-011039.32_N540,--,N540,512,116,S2021A,object,GAMA_J113728.39-011039.32_N708,Leauthaud,Merian,174.36830673173700,2020B-0288,-1.1775901420557000,900,1,FALSE
GAMA_J113016.09+002524.25_N540,--,N540,512,117,S2021A,object,GAMA_J113016.09+002524.25_N708,Leauthaud,Merian,172.56707594263700,2020B-0288,0.4234049337869810,900,1,FALSE
GAMA_J113126.10+002024.37_N540,--,N540,512,118,S2021A,object,GAMA_J113126.10+002024.37_N708,Leauthaud,Merian,172.8587631671080,2020B-0288,0.34010538828492600,900,1,FALSE
GAMA_J113236.74+001723.22_N540,--,N540,512,119,S2021A,object,GAMA_J113236.74+001723.22_N708,Leauthaud,Merian,173.15311051759100,2020B-0288,0.2897842310052830,900,1,FALSE
GAMA_J113347.38+001421.95_N540,--,N540,512,120,S2021A,object,GAMA_J113347.38+001421.95_N708,Leauthaud,Merian,173.44745003132900,2020B-0288,0.2394315292579570,900,1,FALSE
GAMA_J112634.25-005921.77_N540,--,N540,512,121,S2021A,object,GAMA_J112634.25-005921.77_N708,Leauthaud,Merian,171.64274512268000,2020B-0288,-0.9893831640188590,900,1,FALSE
GAMA_J112744.22-010421.31_N540,--,N540,512,122,S2021A,object,GAMA_J112744.22-010421.31_N708,Leauthaud,Merian,171.93427733970900,2020B-0288,-1.0725862686697000,900,1,FALSE
GAMA_J112854.86-010722.41_N540,--,N540,512,123,S2021A,object,GAMA_J112854.86-010722.41_N708,Leauthaud,Merian,172.22859837468400,2020B-0288,-1.122893835470560,900,1,FALSE
GAMA_J113005.50-011023.66_N540,--,N540,512,124,S2021A,object,GAMA_J113005.50-011023.66_N708,Leauthaud,Merian,172.5229235128090,2020B-0288,-1.1732412296410600,900,1,FALSE
GAMA_J112254.63+002624.25_N540,--,N540,512,125,S2021A,object,GAMA_J112254.63+002624.25_N708,Leauthaud,Merian,170.72762596676500,2020B-0288,0.4400695205365670,900,1,FALSE
GAMA_J112404.64+002125.13_N540,--,N540,512,126,S2021A,object,GAMA_J112404.64+002125.13_N708,Leauthaud,Merian,171.0193333236270,2020B-0288,0.3569832078763160,900,1,FALSE
GAMA_J112515.28+001824.12_N540,--,N540,512,127,S2021A,object,GAMA_J112515.28+001824.12_N708,Leauthaud,Merian,171.31369015662200,2020B-0288,0.30670198571247400,900,1,FALSE
GAMA_J112625.92+001522.94_N540,--,N540,512,128,S2021A,object,GAMA_J112625.92+001522.94_N708,Leauthaud,Merian,171.6080375895790,2020B-0288,0.2563727484918340,900,1,FALSE
GAMA_J111914.03-005903.20_N540,--,N540,512,129,S2021A,object,GAMA_J111914.03-005903.20_N708,Leauthaud,Merian,169.80848030953800,2020B-0288,-0.9842249359808430,900,1,FALSE
GAMA_J112023.99-010401.82_N540,--,N540,512,130,S2021A,object,GAMA_J112023.99-010401.82_N708,Leauthaud,Merian,170.0999655192350,2020B-0288,-1.0671725796362300,900,1,FALSE
GAMA_J112134.62-010702.69_N540,--,N540,512,131,S2021A,object,GAMA_J112134.62-010702.69_N708,Leauthaud,Merian,170.3942559819730,2020B-0288,-1.1174144130710300,900,1,FALSE
GAMA_J112245.25-011003.76_N540,--,N540,512,132,S2021A,object,GAMA_J112245.25-011003.76_N708,Leauthaud,Merian,170.6885490557610,2020B-0288,-1.1677124741123300,900,1,FALSE
GAMA_J111535.80+002731.37_N540,--,N540,512,133,S2021A,object,GAMA_J111535.80+002731.37_N708,Leauthaud,Merian,168.89919103071800,2020B-0288,0.4587144922485170,900,1,FALSE
GAMA_J111645.82+002233.33_N540,--,N540,512,134,S2021A,object,GAMA_J111645.82+002233.33_N708,Leauthaud,Merian,169.1909202837810,2020B-0288,0.3759249967564050,900,1,FALSE
GAMA_J111756.46+001932.64_N540,--,N540,512,135,S2021A,object,GAMA_J111756.46+001932.64_N708,Leauthaud,Merian,169.48528761360000,2020B-0288,0.32573482485749600,900,1,FALSE
GAMA_J111907.11+001631.72_N540,--,N540,512,136,S2021A,object,GAMA_J111907.11+001631.72_N708,Leauthaud,Merian,169.779643979806,2020B-0288,0.2754803144252820,900,1,FALSE
GAMA_J111156.69-005841.16_N540,--,N540,512,137,S2021A,object,GAMA_J111156.69-005841.16_N708,Leauthaud,Merian,167.98622339329000,2020B-0288,-0.978101883300309,900,1,FALSE
GAMA_J111306.63-010338.56_N540,--,N540,512,138,S2021A,object,GAMA_J111306.63-010338.56_N708,Leauthaud,Merian,168.2776627746450,2020B-0288,-1.0607115632220400,900,1,FALSE
GAMA_J111417.26-010639.01_N540,--,N540,512,139,S2021A,object,GAMA_J111417.26-010639.01_N708,Leauthaud,Merian,168.57192330959000,2020B-0288,-1.1108371063616300,900,1,FALSE
GAMA_J111527.88-010939.72_N540,--,N540,512,140,S2021A,object,GAMA_J111527.88-010939.72_N708,Leauthaud,Merian,168.86618496267100,2020B-0288,-1.1610351112337200,900,1,FALSE
GAMA_J110820.34+002849.09_N540,--,N540,512,141,S2021A,object,GAMA_J110820.34+002849.09_N708,Leauthaud,Merian,167.08477577918000,2020B-0288,0.4803042888490970,900,1,FALSE
GAMA_J110930.36+002352.41_N540,--,N540,512,142,S2021A,object,GAMA_J110930.36+002352.41_N708,Leauthaud,Merian,167.37652911902200,2020B-0288,0.39789267190626700,900,1,FALSE
GAMA_J111041.01+002052.23_N540,--,N540,512,143,S2021A,object,GAMA_J111041.01+002052.23_N708,Leauthaud,Merian,167.6709081843530,2020B-0288,0.34784337315549400,900,1,FALSE
GAMA_J111151.66+001751.76_N540,--,N540,512,144,S2021A,object,GAMA_J111151.66+001751.76_N708,Leauthaud,Merian,167.96527472212600,2020B-0288,0.2977136016580260,900,1,FALSE
GAMA_J110108.24+003006.51_N540,--,N540,512,145,S2021A,object,GAMA_J110108.24+003006.51_N708,Leauthaud,Merian,165.2843699849120,2020B-0288,0.5018096096688130,900,1,FALSE
GAMA_J110218.27+002511.47_N540,--,N540,512,146,S2021A,object,GAMA_J110218.27+002511.47_N708,Leauthaud,Merian,165.57614911994000,2020B-0288,0.4198546368029440,900,1,FALSE
GAMA_J110328.92+002211.98_N540,--,N540,512,147,S2021A,object,GAMA_J110328.92+002211.98_N708,Leauthaud,Merian,165.87054102383100,2020B-0288,0.3699947290841170,900,1,FALSE
GAMA_J110439.58+001912.13_N540,--,N540,512,148,S2021A,object,GAMA_J110439.58+001912.13_N708,Leauthaud,Merian,166.16491886865500,2020B-0288,0.32003841798826400,900,1,FALSE
GAMA_J105359.75+003130.70_N540,--,N540,512,149,S2021A,object,GAMA_J105359.75+003130.70_N708,Leauthaud,Merian,163.4989814610360,2020B-0288,0.5251956973961650,900,1,FALSE
GAMA_J105509.78+002637.58_N540,--,N540,512,150,S2021A,object,GAMA_J105509.78+002637.58_N708,Leauthaud,Merian,163.7907886545850,2020B-0288,0.4437734661120300,900,1,FALSE
GAMA_J105620.44+002338.93_N540,--,N540,512,151,S2021A,object,GAMA_J105620.44+002338.93_N708,Leauthaud,Merian,164.08519475116500,2020B-0288,0.3941499817952410,900,1,FALSE
GAMA_J105731.10+002039.89_N540,--,N540,512,152,S2021A,object,GAMA_J105731.10+002039.89_N708,Leauthaud,Merian,164.37958527847800,2020B-0288,0.3444143894705680,900,1,FALSE
GAMA_J103622.78+020527.14_N540,--,N540,512,153,S2021A,object,GAMA_J103622.78+020527.14_N708,Leauthaud,Merian,159.09494684351100,2020B-0288,2.090873626277180,900,1,FALSE
GAMA_J103732.99+020039.96_N540,--,N540,512,154,S2021A,object,GAMA_J103732.99+020039.96_N708,Leauthaud,Merian,159.38747845675600,2020B-0288,2.011102120568360,900,1,FALSE
GAMA_J103843.73+015744.16_N540,--,N540,512,155,S2021A,object,GAMA_J103843.73+015744.16_N708,Leauthaud,Merian,159.6822447599370,2020B-0288,1.9622670585922100,900,1,FALSE
GAMA_J103954.47+015447.81_N540,--,N540,512,156,S2021A,object,GAMA_J103954.47+015447.81_N708,Leauthaud,Merian,159.9769789377540,2020B-0288,1.9132815859380600,900,1,FALSE
GAMA_J104654.86+003254.35_N540,--,N540,512,157,S2021A,object,GAMA_J104654.86+003254.35_N708,Leauthaud,Merian,161.72860052944700,2020B-0288,0.548430856814389,900,1,FALSE
GAMA_J104804.90+002803.41_N540,--,N540,512,158,S2021A,object,GAMA_J104804.90+002803.41_N708,Leauthaud,Merian,162.02043749600300,2020B-0288,0.4676149497717840,900,1,FALSE
GAMA_J104915.56+002505.78_N540,--,N540,512,159,S2021A,object,GAMA_J104915.56+002505.78_N708,Leauthaud,Merian,162.31485891384100,2020B-0288,0.418273474763351,900,1,FALSE
GAMA_J105026.22+002207.69_N540,--,N540,512,160,S2021A,object,GAMA_J105026.22+002207.69_N708,Leauthaud,Merian,162.60926329654700,2020B-0288,0.36880442565691100,900,1,FALSE
GAMA_J103953.32+003406.56_N540,--,N540,512,161,S2021A,object,GAMA_J103953.32+003406.56_N708,Leauthaud,Merian,159.97220769220500,2020B-0288,0.5684891471857230,900,1,FALSE
GAMA_J104103.37+002918.06_N540,--,N540,512,162,S2021A,object,GAMA_J104103.37+002918.06_N708,Leauthaud,Merian,160.26407484539000,2020B-0288,0.4883510145231790,900,1,FALSE
GAMA_J104214.04+002621.60_N540,--,N540,512,163,S2021A,object,GAMA_J104214.04+002621.60_N708,Leauthaud,Merian,160.55851207672800,2020B-0288,0.4393358673010070,900,1,FALSE
GAMA_J104324.70+002324.64_N540,--,N540,512,164,S2021A,object,GAMA_J104324.70+002324.64_N708,Leauthaud,Merian,160.85293088146400,2020B-0288,0.3901779215157530,900,1,FALSE
GAMA_J120000.00+031022.80_N540,--,N540,512,165,S2021A,object,GAMA_J120000.00+031022.80_N708,Leauthaud,Merian,180.0,2020B-0288,3.173,900,1,FALSE
GAMA_J120109.92+030522.97_N540,--,N540,512,166,S2021A,object,GAMA_J120109.92+030522.97_N708,Leauthaud,Merian,180.29135018253800,2020B-0288,3.089714021626500,900,1,FALSE
GAMA_J120220.48+030223.13_N540,--,N540,512,167,S2021A,object,GAMA_J120220.48+030223.13_N708,Leauthaud,Merian,180.5853697815210,2020B-0288,3.0397592160656700,900,1,FALSE
GAMA_J120331.04+025923.42_N540,--,N540,512,168,S2021A,object,GAMA_J120331.04+025923.42_N708,Leauthaud,Merian,180.87936258724400,2020B-0288,2.9898395331969900,900,1,FALSE
GAMA_J120000.00+002327.60_N540,--,N540,512,169,S2021A,object,GAMA_J120000.00+002327.60_N708,Leauthaud,Merian,180.0,2020B-0288,0.391,900,1,FALSE
GAMA_J120109.98+001827.77_N540,--,N540,512,170,S2021A,object,GAMA_J120109.98+001827.77_N708,Leauthaud,Merian,180.29161824540000,2020B-0288,0.307714034527359,900,1,FALSE
GAMA_J120220.62+001527.93_N540,--,N540,512,171,S2021A,object,GAMA_J120220.62+001527.93_N708,Leauthaud,Merian,180.5859332087130,2020B-0288,0.25775927306152000,900,1,FALSE
GAMA_J120331.25+001228.22_N540,--,N540,512,172,S2021A,object,GAMA_J120331.25+001228.22_N708,Leauthaud,Merian,180.88024630153500,2020B-0288,0.20783967341793300,900,1,FALSE
GAMA_J120343.76+014659.27_N540,--,N540,512,173,S2021A,object,GAMA_J120343.76+014659.27_N708,Leauthaud,Merian,180.93235102852600,2020B-0288,1.7831324811845800,900,1,FALSE
GAMA_J120453.71+014159.81_N540,--,N540,512,174,S2021A,object,GAMA_J120453.71+014159.81_N708,Leauthaud,Merian,181.2237940427680,2020B-0288,1.6999472686998100,900,1,FALSE
GAMA_J120604.30+013900.35_N540,--,N540,512,175,S2021A,object,GAMA_J120604.30+013900.35_N708,Leauthaud,Merian,181.51793754226600,2020B-0288,1.6500979753454500,900,1,FALSE
GAMA_J120714.89+013601.05_N540,--,N540,512,176,S2021A,object,GAMA_J120714.89+013601.05_N708,Leauthaud,Merian,181.8120674134210,2020B-0288,1.6002921673190000,900,1,FALSE
GAMA_J120727.47+002336.70_N540,--,N540,512,177,S2021A,object,GAMA_J120727.47+002336.70_N708,Leauthaud,Merian,181.86449263063500,2020B-0288,0.3935295462289740,900,1,FALSE
GAMA_J120837.46+001837.68_N540,--,N540,512,178,S2021A,object,GAMA_J120837.46+001837.68_N708,Leauthaud,Merian,182.156093992012,2020B-0288,0.3104671032051790,900,1,FALSE
GAMA_J120948.09+001538.65_N540,--,N540,512,179,S2021A,object,GAMA_J120948.09+001538.65_N708,Leauthaud,Merian,182.45040056577800,2020B-0288,0.2607365094020570,900,1,FALSE
GAMA_J121058.72+001239.80_N540,--,N540,512,180,S2021A,object,GAMA_J121058.72+001239.80_N708,Leauthaud,Merian,182.7447066296960,2020B-0288,0.21105776023632200,900,1,FALSE
GAMA_J121111.05+014728.28_N540,--,N540,512,181,S2021A,object,GAMA_J121111.05+014728.28_N708,Leauthaud,Merian,182.79604804709600,2020B-0288,1.7911912662010300,900,1,FALSE
GAMA_J121220.97+014229.78_N540,--,N540,512,182,S2021A,object,GAMA_J121220.97+014229.78_N708,Leauthaud,Merian,183.08740754802700,2020B-0288,1.7082734493636800,900,1,FALSE
GAMA_J121331.56+013931.22_N540,--,N540,512,183,S2021A,object,GAMA_J121331.56+013931.22_N708,Leauthaud,Merian,183.3815024924340,2020B-0288,1.6586745499399900,900,1,FALSE
GAMA_J121442.14+013632.88_N540,--,N540,512,184,S2021A,object,GAMA_J121442.14+013632.88_N708,Leauthaud,Merian,183.67558514918500,2020B-0288,1.6091357741184700,900,1,FALSE
GAMA_J121454.47+002356.81_N540,--,N540,512,185,S2021A,object,GAMA_J121454.47+002356.81_N708,Leauthaud,Merian,183.7269809025830,2020B-0288,0.3991153520216950,900,1,FALSE
GAMA_J121604.45+001858.91_N540,--,N540,512,186,S2021A,object,GAMA_J121604.45+001858.91_N708,Leauthaud,Merian,184.01856461147100,2020B-0288,0.3163639999320760,900,1,FALSE
GAMA_J121715.08+001600.87_N540,--,N540,512,187,S2021A,object,GAMA_J121715.08+001600.87_N708,Leauthaud,Merian,184.31286216803400,2020B-0288,0.2669099042930370,900,1,FALSE
GAMA_J121825.71+001303.08_N540,--,N540,512,188,S2021A,object,GAMA_J121825.71+001303.08_N708,Leauthaud,Merian,184.60716051892600,2020B-0288,0.2175242628143000,900,1,FALSE
GAMA_J121837.61+014819.09_N540,--,N540,512,189,S2021A,object,GAMA_J121837.61+014819.09_N708,Leauthaud,Merian,184.6567328300020,2020B-0288,1.8053031689680900,900,1,FALSE
GAMA_J121947.52+014321.86_N540,--,N540,512,190,S2021A,object,GAMA_J121947.52+014321.86_N708,Leauthaud,Merian,184.94800718272900,2020B-0288,1.7227398223748700,900,1,FALSE
GAMA_J122058.09+014024.39_N540,--,N540,512,191,S2021A,object,GAMA_J122058.09+014024.39_N708,Leauthaud,Merian,185.2420523476340,2020B-0288,1.6734432520945400,900,1,FALSE
GAMA_J122208.66+013727.20_N540,--,N540,512,192,S2021A,object,GAMA_J122208.66+013727.20_N708,Leauthaud,Merian,185.53608649256300,2020B-0288,1.6242233504058600,900,1,FALSE
GAMA_J122220.03+002435.08_N540,--,N540,512,193,S2021A,object,GAMA_J122220.03+002435.08_N708,Leauthaud,Merian,185.58345878482200,2020B-0288,0.4097455388053540,900,1,FALSE
GAMA_J122330.00+001938.60_N540,--,N540,512,194,S2021A,object,GAMA_J122330.00+001938.60_N708,Leauthaud,Merian,185.8750232221280,2020B-0288,0.32739128399798900,900,1,FALSE
GAMA_J122440.63+001641.75_N540,--,N540,512,195,S2021A,object,GAMA_J122440.63+001641.75_N708,Leauthaud,Merian,186.16931051806700,2020B-0288,0.2782647926078220,900,1,FALSE
GAMA_J122551.26+001345.20_N540,--,N540,512,196,S2021A,object,GAMA_J122551.26+001345.20_N708,Leauthaud,Merian,186.4635998305360,2020B-0288,0.2292232385952860,900,1,FALSE
GAMA_J122943.90+002524.25_N540,--,N540,512,197,S2021A,object,GAMA_J122943.90+002524.25_N708,Leauthaud,Merian,187.43292405736300,2020B-0288,0.4234049337869810,900,1,FALSE
GAMA_J123053.87+002029.51_N540,--,N540,512,198,S2021A,object,GAMA_J123053.87+002029.51_N708,Leauthaud,Merian,187.72446750196200,2020B-0288,0.3415322399291430,900,1,FALSE
GAMA_J123204.49+001734.02_N540,--,N540,512,199,S2021A,object,GAMA_J123204.49+001734.02_N708,Leauthaud,Merian,188.0187433246530,2020B-0288,0.2927833938353150,900,1,FALSE
GAMA_J123315.12+001438.88_N540,--,N540,512,200,S2021A,object,GAMA_J123315.12+001438.88_N708,Leauthaud,Merian,188.31302231698700,2020B-0288,0.2441358165921440,900,1,FALSE
GAMA_J123705.36+002624.25_N540,--,N540,512,201,S2021A,object,GAMA_J123705.36+002624.25_N708,Leauthaud,Merian,189.27237403323500,2020B-0288,0.4400695205365670,900,1,FALSE
GAMA_J123815.33+002131.53_N540,--,N540,512,202,S2021A,object,GAMA_J123815.33+002131.53_N708,Leauthaud,Merian,189.56389441139400,2020B-0288,0.3587603877934820,900,1,FALSE
GAMA_J123925.95+001837.57_N540,--,N540,512,203,S2021A,object,GAMA_J123925.95+001837.57_N708,Leauthaud,Merian,189.85815733193700,2020B-0288,0.31043751821637500,900,1,FALSE
GAMA_J124036.58+001544.03_N540,--,N540,512,204,S2021A,object,GAMA_J124036.58+001544.03_N708,Leauthaud,Merian,190.1524245004800,2020B-0288,0.262232054899844,900,1,FALSE
GAMA_J124424.19+002731.37_N540,--,N540,512,205,S2021A,object,GAMA_J124424.19+002731.37_N708,Leauthaud,Merian,191.10080896928200,2020B-0288,0.4587144922485170,900,1,FALSE
GAMA_J124534.15+002240.97_N540,--,N540,512,206,S2021A,object,GAMA_J124534.15+002240.97_N708,Leauthaud,Merian,191.3923042289990,2020B-0288,0.378048592314993,900,1,FALSE
GAMA_J124644.77+001948.71_N540,--,N540,512,207,S2021A,object,GAMA_J124644.77+001948.71_N708,Leauthaud,Merian,191.6865528774920,2020B-0288,0.3301985024536940,900,1,FALSE
GAMA_J124755.39+001656.93_N540,--,N540,512,208,S2021A,object,GAMA_J124755.39+001656.93_N708,Leauthaud,Merian,191.9808067826140,2020B-0288,0.2824817386480370,900,1,FALSE
GAMA_J125139.65+002849.09_N540,--,N540,512,209,S2021A,object,GAMA_J125139.65+002849.09_N708,Leauthaud,Merian,192.91522422082000,2020B-0288,0.4803042888490970,900,1,FALSE
GAMA_J125249.60+002401.28_N540,--,N540,512,210,S2021A,object,GAMA_J125249.60+002401.28_N708,Leauthaud,Merian,193.206691717715,2020B-0288,0.4003578897334350,900,1,FALSE
GAMA_J125400.22+002110.89_N540,--,N540,512,211,S2021A,object,GAMA_J125400.22+002110.89_N708,Leauthaud,Merian,193.5009243194670,2020B-0288,0.3530251198820270,900,1,FALSE
GAMA_J125510.83+001821.02_N540,--,N540,512,212,S2021A,object,GAMA_J125510.83+001821.02_N708,Leauthaud,Merian,193.79516310377500,2020B-0288,0.305841338306312,900,1,FALSE
GAMA_J125851.75+003006.51_N540,--,N540,512,213,S2021A,object,GAMA_J125851.75+003006.51_N708,Leauthaud,Merian,194.71563001508800,2020B-0288,0.5018096096688130,900,1,FALSE
GAMA_J130001.69+002521.56_N540,--,N540,512,214,S2021A,object,GAMA_J130001.69+002521.56_N708,Leauthaud,Merian,195.00706817264400,2020B-0288,0.4226563963235850,900,1,FALSE
GAMA_J130112.30+002233.18_N540,--,N540,512,215,S2021A,object,GAMA_J130112.30+002233.18_N708,Leauthaud,Merian,195.30128373589100,2020B-0288,0.3758838654995790,900,1,FALSE
GAMA_J130222.92+001945.39_N540,--,N540,512,216,S2021A,object,GAMA_J130222.92+001945.39_N708,Leauthaud,Merian,195.59550634878900,2020B-0288,0.3292757154111360,900,1,FALSE
GAMA_J130600.24+003130.70_N540,--,N540,512,217,S2021A,object,GAMA_J130600.24+003130.70_N708,Leauthaud,Merian,196.50101853896400,2020B-0288,0.5251956973961650,900,1,FALSE
GAMA_J130710.18+002648.86_N540,--,N540,512,218,S2021A,object,GAMA_J130710.18+002648.86_N708,Leauthaud,Merian,196.79242487220200,2020B-0288,0.4469062289943580,900,1,FALSE
GAMA_J130820.78+002402.64_N540,--,N540,512,219,S2021A,object,GAMA_J130820.78+002402.64_N708,Leauthaud,Merian,197.08662176671100,2020B-0288,0.4007348661266210,900,1,FALSE
GAMA_J130931.39+002117.07_N540,--,N540,512,220,S2021A,object,GAMA_J130931.39+002117.07_N708,Leauthaud,Merian,197.3808264998320,2020B-0288,0.3547429863259030,900,1,FALSE
GAMA_J131305.13+003254.35_N540,--,N540,512,221,S2021A,object,GAMA_J131305.13+003254.35_N708,Leauthaud,Merian,198.2713994705530,2020B-0288,0.5484308568143890,900,1,FALSE
GAMA_J131415.06+002815.86_N540,--,N540,512,222,S2021A,object,GAMA_J131415.06+002815.86_N708,Leauthaud,Merian,198.5627724340700,2020B-0288,0.4710729308830450,900,1,FALSE
GAMA_J131525.66+002531.95_N540,--,N540,512,223,S2021A,object,GAMA_J131525.66+002531.95_N708,Leauthaud,Merian,198.85694968783300,2020B-0288,0.4255419466741860,900,1,FALSE
GAMA_J131636.27+002248.73_N540,--,N540,512,224,S2021A,object,GAMA_J131636.27+002248.73_N708,Leauthaud,Merian,199.15113550676800,2020B-0288,0.3802052475272480,900,1,FALSE
GAMA_J132705.80+003514.51_N540,--,N540,512,225,S2021A,object,GAMA_J132705.80+003514.51_N708,Leauthaud,Merian,201.77418914840500,2020B-0288,0.5873657749790970,900,1,FALSE
GAMA_J132815.71+003043.44_N540,--,N540,512,226,S2021A,object,GAMA_J132815.71+003043.44_N708,Leauthaud,Merian,202.06549545865500,2020B-0288,0.5120676382620800,900,1,FALSE
GAMA_J132926.31+002804.55_N540,--,N540,512,227,S2021A,object,GAMA_J132926.31+002804.55_N708,Leauthaud,Merian,202.35963366805300,2020B-0288,0.4679311228869530,900,1,FALSE
GAMA_J133036.90+002526.46_N540,--,N540,512,228,S2021A,object,GAMA_J133036.90+002526.46_N708,Leauthaud,Merian,202.65378176380400,2020B-0288,0.42401761629258600,900,1,FALSE
GAMA_J132006.67+003406.56_N540,--,N540,512,229,S2021A,object,GAMA_J132006.67+003406.56_N708,Leauthaud,Merian,200.02779230779500,2020B-0288,0.5684891471857230,900,1,FALSE
GAMA_J132116.59+002931.66_N540,--,N540,512,230,S2021A,object,GAMA_J132116.59+002931.66_N708,Leauthaud,Merian,200.31913221364500,2020B-0288,0.4921283829092310,900,1,FALSE
GAMA_J132227.18+002650.19_N540,--,N540,512,231,S2021A,object,GAMA_J132227.18+002650.19_N708,Leauthaud,Merian,200.61329010624100,2020B-0288,0.447275670527516,900,1,FALSE
GAMA_J132337.78+002409.47_N540,--,N540,512,232,S2021A,object,GAMA_J132337.78+002409.47_N708,Leauthaud,Merian,200.9074572521050,2020B-0288,0.4026317441226180,900,1,FALSE
GAMA_J120343.95-005959.52_N540,--,N540,512,233,S2021A,object,GAMA_J120343.95-005959.52_N708,Leauthaud,Merian,180.93314209693700,2020B-0288,-0.9998674064120840,900,1,FALSE
GAMA_J120453.98-010458.98_N540,--,N540,512,234,S2021A,object,GAMA_J120453.98-010458.98_N708,Leauthaud,Merian,181.22491886902800,2020B-0288,-1.0830525040366700,900,1,FALSE
GAMA_J120604.65-010758.44_N540,--,N540,512,235,S2021A,object,GAMA_J120604.65-010758.44_N708,Leauthaud,Merian,181.5193970763500,2020B-0288,-1.1329016420139400,900,1,FALSE
GAMA_J120715.33-011057.74_N540,--,N540,512,236,S2021A,object,GAMA_J120715.33-011057.74_N708,Leauthaud,Merian,181.8138865618840,2020B-0288,-1.1827072382492900,900,1,FALSE
GAMA_J121111.38-005955.71_N540,--,N540,512,237,S2021A,object,GAMA_J121111.38-005955.71_N708,Leauthaud,Merian,182.7974253848130,2020B-0288,-0.9988085729774400,900,1,FALSE
GAMA_J121221.42-010454.21_N540,--,N540,512,238,S2021A,object,GAMA_J121221.42-010454.21_N708,Leauthaud,Merian,183.08925108767900,2020B-0288,-1.0817261207696700,900,1,FALSE
GAMA_J121332.10-010752.76_N540,--,N540,512,239,S2021A,object,GAMA_J121332.10-010752.76_N708,Leauthaud,Merian,183.38376037398600,2020B-0288,-1.1313247157043200,900,1,FALSE
GAMA_J121442.78-011051.10_N540,--,N540,512,240,S2021A,object,GAMA_J121442.78-011051.10_N708,Leauthaud,Merian,183.6782822589520,2020B-0288,-1.1808631015708200,900,1,FALSE
GAMA_J121837.84-005948.11_N540,--,N540,512,241,S2021A,object,GAMA_J121837.84-005948.11_N708,Leauthaud,Merian,184.6577062707500,2020B-0288,-0.9966982666977070,900,1,FALSE
GAMA_J121947.89-010445.34_N540,--,N540,512,242,S2021A,object,GAMA_J121947.89-010445.34_N708,Leauthaud,Merian,184.94958026905100,2020B-0288,-1.0792613408644900,900,1,FALSE
GAMA_J122058.58-010742.80_N540,--,N540,512,243,S2021A,object,GAMA_J122058.58-010742.80_N708,Leauthaud,Merian,185.244120106531,2020B-0288,-1.1285575898300300,900,1,FALSE
GAMA_J122209.28-011039.99_N540,--,N540,512,244,S2021A,object,GAMA_J122209.28-011039.99_N708,Leauthaud,Merian,185.53867380709600,2020B-0288,-1.177777060026540,900,1,FALSE
GAMA_J122602.87-005936.77_N540,--,N540,512,245,S2021A,object,GAMA_J122602.87-005936.77_N708,Leauthaud,Merian,186.51198328939800,2020B-0288,-0.993549455236788,900,1,FALSE
GAMA_J122712.93-010432.42_N540,--,N540,512,246,S2021A,object,GAMA_J122712.93-010432.42_N708,Leauthaud,Merian,186.8039046975790,2020B-0288,-1.0756725899682700,900,1,FALSE
GAMA_J122823.63-010728.61_N540,--,N540,512,247,S2021A,object,GAMA_J122823.63-010728.61_N708,Leauthaud,Merian,187.0984744011380,2020B-0288,-1.1246157541373500,900,1,FALSE
GAMA_J122934.33-011024.47_N540,--,N540,512,248,S2021A,object,GAMA_J122934.33-011024.47_N708,Leauthaud,Merian,187.39305916994800,2020B-0288,-1.1734657022492500,900,1,FALSE
GAMA_J123325.74-005921.77_N540,--,N540,512,249,S2021A,object,GAMA_J123325.74-005921.77_N708,Leauthaud,Merian,188.35725487732000,2020B-0288,-0.9893831640188590,900,1,FALSE
GAMA_J123435.81-010415.53_N540,--,N540,512,250,S2021A,object,GAMA_J123435.81-010415.53_N708,Leauthaud,Merian,188.64922254490100,2020B-0288,-1.0709831120193700,900,1,FALSE
GAMA_J123546.51-010710.28_N540,--,N540,512,251,S2021A,object,GAMA_J123546.51-010710.28_N708,Leauthaud,Merian,188.94382126408600,2020B-0288,-1.1195240176126300,900,1,FALSE
GAMA_J123657.22-011004.63_N540,--,N540,512,252,S2021A,object,GAMA_J123657.22-011004.63_N708,Leauthaud,Merian,189.23843618218400,2020B-0288,-1.1679554451017200,900,1,FALSE
GAMA_J124045.96-005903.20_N540,--,N540,512,253,S2021A,object,GAMA_J124045.96-005903.20_N708,Leauthaud,Merian,190.19151969046200,2020B-0288,-0.9842249359808430,900,1,FALSE
GAMA_J124156.04-010354.79_N540,--,N540,512,254,S2021A,object,GAMA_J124156.04-010354.79_N708,Leauthaud,Merian,190.48353224162300,2020B-0288,-1.0652209399593700,900,1,FALSE
GAMA_J124306.75-010647.92_N540,--,N540,512,255,S2021A,object,GAMA_J124306.75-010647.92_N708,Leauthaud,Merian,190.77815898671100,2020B-0288,-1.1133120883825600,900,1,FALSE
GAMA_J124417.47-010940.59_N540,--,N540,512,256,S2021A,object,GAMA_J124417.47-010940.59_N708,Leauthaud,Merian,191.0728029909940,2020B-0288,-1.1612777048041500,900,1,FALSE
GAMA_J124803.30-005841.16_N540,--,N540,512,257,S2021A,object,GAMA_J124803.30-005841.16_N708,Leauthaud,Merian,192.0137766067110,2020B-0288,-0.9781018833003090,900,1,FALSE
GAMA_J124913.39-010330.29_N540,--,N540,512,258,S2021A,object,GAMA_J124913.39-010330.29_N708,Leauthaud,Merian,192.30583247964600,2020B-0288,-1.05841570182787,900,1,FALSE
GAMA_J125024.11-010621.64_N540,--,N540,512,259,S2021A,object,GAMA_J125024.11-010621.64_N708,Leauthaud,Merian,192.60048614721000,2020B-0288,-1.1060112324661400,900,1,FALSE
GAMA_J125134.83-010912.47_N540,--,N540,512,260,S2021A,object,GAMA_J125134.83-010912.47_N708,Leauthaud,Merian,192.895158057234,2020B-0288,-1.1534654084394100,900,1,FALSE
GAMA_J125517.28-005815.77_N540,--,N540,512,261,S2021A,object,GAMA_J125517.28-005815.77_N708,Leauthaud,Merian,193.822024448699,2020B-0288,-0.9710481434906580,900,1,FALSE
GAMA_J125627.38-010302.17_N540,--,N540,512,262,S2021A,object,GAMA_J125627.38-010302.17_N708,Leauthaud,Merian,194.11412188791400,2020B-0288,-1.050604719817030,900,1,FALSE
GAMA_J125738.11-010551.57_N540,--,N540,512,263,S2021A,object,GAMA_J125738.11-010551.57_N708,Leauthaud,Merian,194.40880125696900,2020B-0288,-1.0976608531298100,900,1,FALSE
GAMA_J125848.83-010840.41_N540,--,N540,512,264,S2021A,object,GAMA_J125848.83-010840.41_N708,Leauthaud,Merian,194.7034997712120,2020B-0288,-1.1445600709748200,900,1,FALSE
GAMA_J130227.90-005747.13_N540,--,N540,512,265,S2021A,object,GAMA_J130227.90-005747.13_N708,Leauthaud,Merian,195.61626240506200,2020B-0288,-0.9630932858938320,900,1,FALSE
GAMA_J130338.01-010230.55_N540,--,N540,512,266,S2021A,object,GAMA_J130338.01-010230.55_N708,Leauthaud,Merian,195.90839952431900,2020B-0288,-1.0418201680898200,900,1,FALSE
GAMA_J130448.74-010517.86_N540,--,N540,512,267,S2021A,object,GAMA_J130448.74-010517.86_N708,Leauthaud,Merian,196.20310329614600,2020B-0288,-1.0882947576751600,900,1,FALSE
GAMA_J130559.47-010804.54_N540,--,N540,512,268,S2021A,object,GAMA_J130559.47-010804.54_N708,Leauthaud,Merian,196.49782703348600,2020B-0288,-1.134597145063900,900,1,FALSE
GAMA_J130934.67-005715.39_N540,--,N540,512,269,S2021A,object,GAMA_J130934.67-005715.39_N708,Leauthaud,Merian,197.39448948916400,2020B-0288,-0.9542777440458510,900,1,FALSE
GAMA_J131044.79-010155.58_N540,--,N540,512,270,S2021A,object,GAMA_J131044.79-010155.58_N708,Leauthaud,Merian,197.68666424357000,2020B-0288,-1.0321061649883300,900,1,FALSE
GAMA_J131155.53-010440.65_N540,--,N540,512,271,S2021A,object,GAMA_J131155.53-010440.65_N708,Leauthaud,Merian,197.98139102531400,2020B-0288,-1.0779594332124500,900,1,FALSE
GAMA_J131306.27-010725.05_N540,--,N540,512,272,S2021A,object,GAMA_J131306.27-010725.05_N708,Leauthaud,Merian,198.2761385082860,2020B-0288,-1.1236255147206000,900,1,FALSE
GAMA_J131637.60-005640.68_N540,--,N540,512,273,S2021A,object,GAMA_J131637.60-005640.68_N708,Leauthaud,Merian,199.15670507325300,2020B-0288,-0.9446349333364860,900,1,FALSE
GAMA_J131747.73-010117.39_N540,--,N540,512,274,S2021A,object,GAMA_J131747.73-010117.39_N708,Leauthaud,Merian,199.44891532032900,2020B-0288,-1.021499028070330,900,1,FALSE
GAMA_J131858.47-010400.09_N540,--,N540,512,275,S2021A,object,GAMA_J131858.47-010400.09_N708,Leauthaud,Merian,199.7436636632700,2020B-0288,-1.0666929971764200,900,1,FALSE
GAMA_J132009.22-010642.06_N540,--,N540,512,276,S2021A,object,GAMA_J132009.22-010642.06_N708,Leauthaud,Merian,200.03843335782500,2020B-0288,-1.1116851071838300,900,1,FALSE
GAMA_J083758.97-003809.81_N540,--,N540,512,277,S2021A,object,GAMA_J083758.97-003809.81_N708,Leauthaud,Merian,129.4957166881940,2020B-0288,-0.6360589918580800,900,1,FALSE
GAMA_J083908.79-004135.82_N540,--,N540,512,278,S2021A,object,GAMA_J083908.79-004135.82_N708,Leauthaud,Merian,129.78666364273200,2020B-0288,-0.6932858747487790,900,1,FALSE
GAMA_J084019.33-004347.08_N540,--,N540,512,279,S2021A,object,GAMA_J084019.33-004347.08_N708,Leauthaud,Merian,130.0805778549540,2020B-0288,-0.7297471252079490,900,1,FALSE
GAMA_J084129.87-004559.69_N540,--,N540,512,280,S2021A,object,GAMA_J084129.87-004559.69_N708,Leauthaud,Merian,130.37446941189800,2020B-0288,-0.7665819202431110,900,1,FALSE
GAMA_J084418.40-003925.58_N540,--,N540,512,281,S2021A,object,GAMA_J084418.40-003925.58_N708,Leauthaud,Merian,131.07667726616500,2020B-0288,-0.657106361921821,900,1,FALSE
GAMA_J084528.22-004257.55_N540,--,N540,512,282,S2021A,object,GAMA_J084528.22-004257.55_N708,Leauthaud,Merian,131.36762021609500,2020B-0288,-0.7159878563342100,900,1,FALSE
GAMA_J084638.76-004512.21_N540,--,N540,512,283,S2021A,object,GAMA_J084638.76-004512.21_N708,Leauthaud,Merian,131.66153346695000,2020B-0288,-0.7533921404185680,900,1,FALSE
GAMA_J084749.30-004728.17_N540,--,N540,512,284,S2021A,object,GAMA_J084749.30-004728.17_N708,Leauthaud,Merian,131.95542444883200,2020B-0288,-0.7911600770690050,900,1,FALSE
GAMA_J084111.14+005914.51_N540,--,N540,512,285,S2021A,object,GAMA_J084111.14+005914.51_N708,Leauthaud,Merian,130.29645324127900,2020B-0288,0.9873640484138000,900,1,FALSE
GAMA_J084221.38+005545.45_N540,--,N540,512,286,S2021A,object,GAMA_J084221.38+005545.45_N708,Leauthaud,Merian,130.58910802524500,2020B-0288,0.929292706132253,900,1,FALSE
GAMA_J084332.15+005332.45_N540,--,N540,512,287,S2021A,object,GAMA_J084332.15+005332.45_N708,Leauthaud,Merian,130.88399621355000,2020B-0288,0.8923489959365580,900,1,FALSE
GAMA_J084442.92+005118.13_N540,--,N540,512,288,S2021A,object,GAMA_J084442.92+005118.13_N708,Leauthaud,Merian,131.1788516949230,2020B-0288,0.8550361580038570,900,1,FALSE
GAMA_J083742.61+023654.55_N540,--,N540,512,289,S2021A,object,GAMA_J083742.61+023654.55_N708,Leauthaud,Merian,129.4275820808990,2020B-0288,2.6151547584095100,900,1,FALSE
GAMA_J083853.27+023328.79_N540,--,N540,512,290,S2021A,object,GAMA_J083853.27+023328.79_N708,Leauthaud,Merian,129.72198188055700,2020B-0288,2.5579983398792300,900,1,FALSE
GAMA_J084004.28+023117.67_N540,--,N540,512,291,S2021A,object,GAMA_J084004.28+023117.67_N708,Leauthaud,Merian,130.01786710190200,2020B-0288,2.5215756705753500,900,1,FALSE
GAMA_J084115.29+022905.20_N540,--,N540,512,292,S2021A,object,GAMA_J084115.29+022905.20_N708,Leauthaud,Merian,130.31370952578200,2020B-0288,2.4847778877353000,900,1,FALSE
GAMA_J085038.55-004039.69_N540,--,N540,512,293,S2021A,object,GAMA_J085038.55-004039.69_N708,Leauthaud,Merian,132.66065096861100,2020B-0288,-0.6776920045063250,900,1,FALSE
GAMA_J085148.38-004417.47_N540,--,N540,512,294,S2021A,object,GAMA_J085148.38-004417.47_N708,Leauthaud,Merian,132.9515922179060,2020B-0288,-0.7381863083020480,900,1,FALSE
GAMA_J085258.92-004635.42_N540,--,N540,512,295,S2021A,object,GAMA_J085258.92-004635.42_N708,Leauthaud,Merian,133.24550599182500,2020B-0288,-0.7765068665496560,900,1,FALSE
GAMA_J085409.45-004854.65_N540,--,N540,512,296,S2021A,object,GAMA_J085409.45-004854.65_N708,Leauthaud,Merian,133.53939795180800,2020B-0288,-0.8151808897214480,900,1,FALSE
GAMA_J084730.93+005752.35_N540,--,N540,512,297,S2021A,object,GAMA_J084730.93+005752.35_N708,Leauthaud,Merian,131.87887655560100,2020B-0288,0.9645421580266260,900,1,FALSE
GAMA_J084841.15+005417.41_N540,--,N540,512,298,S2021A,object,GAMA_J084841.15+005417.41_N708,Leauthaud,Merian,132.1714800610030,2020B-0288,0.9048373127795140,900,1,FALSE
GAMA_J084951.92+005201.07_N540,--,N540,512,299,S2021A,object,GAMA_J084951.92+005201.07_N708,Leauthaud,Merian,132.4663374076270,2020B-0288,0.8669641332085790,900,1,FALSE
GAMA_J085102.67+004943.43_N540,--,N540,512,300,S2021A,object,GAMA_J085102.67+004943.43_N708,Leauthaud,Merian,132.76116219608100,2020B-0288,0.8287319032757770,900,1,FALSE
GAMA_J084407.09+023552.06_N540,--,N540,512,301,S2021A,object,GAMA_J084407.09+023552.06_N708,Leauthaud,Merian,131.0295689143130,2020B-0288,2.5977959908759500,900,1,FALSE
GAMA_J084517.73+023220.26_N540,--,N540,512,302,S2021A,object,GAMA_J084517.73+023220.26_N708,Leauthaud,Merian,131.32387661483200,2020B-0288,2.5389614191396500,900,1,FALSE
GAMA_J084628.72+023005.69_N540,--,N540,512,303,S2021A,object,GAMA_J084628.72+023005.69_N708,Leauthaud,Merian,131.61970457341800,2020B-0288,2.5015822851463500,900,1,FALSE
GAMA_J084739.71+022749.81_N540,--,N540,512,304,S2021A,object,GAMA_J084739.71+022749.81_N708,Leauthaud,Merian,131.91548951492500,2020B-0288,2.4638381194561200,900,1,FALSE
GAMA_J084018.35+041144.10_N540,--,N540,512,305,S2021A,object,GAMA_J084018.35+041144.10_N708,Leauthaud,Merian,130.07648217438800,2020B-0288,4.195584695310210,900,1,FALSE
GAMA_J084129.40+040815.87_N540,--,N540,512,306,S2021A,object,GAMA_J084129.40+040815.87_N708,Leauthaud,Merian,130.37251793288800,2020B-0288,4.137742187937000,900,1,FALSE
GAMA_J084240.64+040603.33_N540,--,N540,512,307,S2021A,object,GAMA_J084240.64+040603.33_N708,Leauthaud,Merian,130.66933378910000,2020B-0288,4.1009273330636600,900,1,FALSE
GAMA_J084351.86+040349.46_N540,--,N540,512,308,S2021A,object,GAMA_J084351.86+040349.46_N708,Leauthaud,Merian,130.96609666791700,2020B-0288,4.063740865026670,900,1,FALSE
GAMA_J085659.67-004152.11_N540,--,N540,512,309,S2021A,object,GAMA_J085659.67-004152.11_N708,Leauthaud,Merian,134.24863794734600,2020B-0288,-0.6978097873682600,900,1,FALSE
GAMA_J085809.49-004535.54_N540,--,N540,512,310,S2021A,object,GAMA_J085809.49-004535.54_N708,Leauthaud,Merian,134.5395798195200,2020B-0288,-0.7598745797309260,900,1,FALSE
GAMA_J085920.03-004756.70_N540,--,N540,512,311,S2021A,object,GAMA_J085920.03-004756.70_N708,Leauthaud,Merian,134.83349560956000,2020B-0288,-0.7990843378048920,900,1,FALSE
GAMA_J090030.57-005019.09_N540,--,N540,512,312,S2021A,object,GAMA_J090030.57-005019.09_N708,Leauthaud,Merian,135.12739010878800,2020B-0288,-0.8386370769818110,900,1,FALSE
GAMA_J085351.43+005631.88_N540,--,N540,512,313,S2021A,object,GAMA_J085351.43+005631.88_N708,Leauthaud,Merian,133.46429716450300,2020B-0288,0.9421915852274380,900,1,FALSE
GAMA_J085501.64+005251.22_N540,--,N540,512,314,S2021A,object,GAMA_J085501.64+005251.22_N708,Leauthaud,Merian,133.75685046286200,2020B-0288,0.8808958100143830,900,1,FALSE
GAMA_J085612.40+005031.63_N540,--,N540,512,315,S2021A,object,GAMA_J085612.40+005031.63_N708,Leauthaud,Merian,134.05167775204400,2020B-0288,0.8421203668987140,900,1,FALSE
GAMA_J085723.15+004810.78_N540,--,N540,512,316,S2021A,object,GAMA_J085723.15+004810.78_N708,Leauthaud,Merian,134.34647270820500,2020B-0288,0.8029962428801170,900,1,FALSE
GAMA_J085030.35+023433.65_N540,--,N540,512,317,S2021A,object,GAMA_J085030.35+023433.65_N708,Leauthaud,Merian,132.6264722335310,2020B-0288,2.576015302731830,900,1,FALSE
GAMA_J085140.96+023055.99_N540,--,N540,512,318,S2021A,object,GAMA_J085140.96+023055.99_N708,Leauthaud,Merian,132.92068262123500,2020B-0288,2.5155536745452300,900,1,FALSE
GAMA_J085251.94+022838.10_N540,--,N540,512,319,S2021A,object,GAMA_J085251.94+022838.10_N708,Leauthaud,Merian,133.2164505347120,2020B-0288,2.4772501904196300,900,1,FALSE
GAMA_J085402.92+022618.93_N540,--,N540,512,320,S2021A,object,GAMA_J085402.92+022618.93_N708,Leauthaud,Merian,133.51217532924400,2020B-0288,2.4385920078884300,900,1,FALSE
GAMA_J084649.45+041117.03_N540,--,N540,512,321,S2021A,object,GAMA_J084649.45+041117.03_N708,Leauthaud,Merian,131.70605398013900,2020B-0288,4.1880660801192000,900,1,FALSE
GAMA_J084800.47+040742.72_N540,--,N540,512,322,S2021A,object,GAMA_J084800.47+040742.72_N708,Leauthaud,Merian,132.00195955429500,2020B-0288,4.128535759939460,900,1,FALSE
GAMA_J084911.68+040526.73_N540,--,N540,512,323,S2021A,object,GAMA_J084911.68+040526.73_N708,Leauthaud,Merian,132.29869336956100,2020B-0288,4.090760242374230,900,1,FALSE
GAMA_J085022.88+040309.44_N540,--,N540,512,324,S2021A,object,GAMA_J085022.88+040309.44_N708,Leauthaud,Merian,132.5953736682860,2020B-0288,4.0526235187878400,900,1,FALSE
GAMA_J090321.75-004302.78_N540,--,N540,512,325,S2021A,object,GAMA_J090321.75-004302.78_N708,Leauthaud,Merian,135.8406383435920,2020B-0288,-0.7174402622984500,900,1,FALSE
GAMA_J090431.58-004651.71_N540,--,N540,512,326,S2021A,object,GAMA_J090431.58-004651.71_N708,Leauthaud,Merian,136.1315831779050,2020B-0288,-0.7810316593135500,900,1,FALSE
GAMA_J090542.12-004915.96_N540,--,N540,512,327,S2021A,object,GAMA_J090542.12-004915.96_N708,Leauthaud,Merian,136.42550248223700,2020B-0288,-0.821102634056803,900,1,FALSE
GAMA_J090652.65-005141.42_N540,--,N540,512,328,S2021A,object,GAMA_J090652.65-005141.42_N708,Leauthaud,Merian,136.71940108586300,2020B-0288,-0.8615058158383700,900,1,FALSE
GAMA_J090012.88+005509.54_N540,--,N540,512,329,S2021A,object,GAMA_J090012.88+005509.54_N708,Leauthaud,Merian,135.05370289782200,2020B-0288,0.919318602512846,900,1,FALSE
GAMA_J090123.08+005123.31_N540,--,N540,512,330,S2021A,object,GAMA_J090123.08+005123.31_N708,Leauthaud,Merian,135.34620612171800,2020B-0288,0.8564750044221220,900,1,FALSE
GAMA_J090233.84+004900.56_N540,--,N540,512,331,S2021A,object,GAMA_J090233.84+004900.56_N708,Leauthaud,Merian,135.641003605867,2020B-0288,0.8168248271845670,900,1,FALSE
GAMA_J090344.58+004636.61_N540,--,N540,512,332,S2021A,object,GAMA_J090344.58+004636.61_N708,Leauthaud,Merian,135.93576906463800,2020B-0288,0.7768366311750740,900,1,FALSE
GAMA_J085653.84+023313.49_N540,--,N540,512,333,S2021A,object,GAMA_J085653.84+023313.49_N708,Leauthaud,Merian,134.22434402440700,2020B-0288,2.5537485441854100,900,1,FALSE
GAMA_J085804.42+022930.14_N540,--,N540,512,334,S2021A,object,GAMA_J085804.42+022930.14_N708,Leauthaud,Merian,134.51845594601100,2020B-0288,2.4917058773074200,900,1,FALSE
GAMA_J085915.39+022709.02_N540,--,N540,512,335,S2021A,object,GAMA_J085915.39+022709.02_N708,Leauthaud,Merian,134.81416333744100,2020B-0288,2.452507258061150,900,1,FALSE
GAMA_J090026.35+022446.67_N540,--,N540,512,336,S2021A,object,GAMA_J090026.35+022446.67_N708,Leauthaud,Merian,135.1098275995950,2020B-0288,2.412964553630160,900,1,FALSE
GAMA_J085318.35+041023.52_N540,--,N540,512,337,S2021A,object,GAMA_J085318.35+041023.52_N708,Leauthaud,Merian,133.32648633389700,2020B-0288,4.173201006373400,900,1,FALSE
GAMA_J085429.34+040643.34_N540,--,N540,512,338,S2021A,object,GAMA_J085429.34+040643.34_N708,Leauthaud,Merian,133.62225219583800,2020B-0288,4.112040085559490,900,1,FALSE
GAMA_J085540.53+040424.02_N540,--,N540,512,339,S2021A,object,GAMA_J085540.53+040424.02_N708,Leauthaud,Merian,133.91889874345900,2020B-0288,4.0733395912355500,900,1,FALSE
GAMA_J085651.71+040203.43_N540,--,N540,512,340,S2021A,object,GAMA_J085651.71+040203.43_N708,Leauthaud,Merian,134.21549138332400,2020B-0288,4.034288529269330,900,1,FALSE
GAMA_J090945.03-004411.67_N540,--,N540,512,341,S2021A,object,GAMA_J090945.03-004411.67_N708,Leauthaud,Merian,137.43765227070400,2020B-0288,-0.7365759579834420,900,1,FALSE
GAMA_J091054.86-004805.93_N540,--,N540,512,342,S2021A,object,GAMA_J091054.86-004805.93_N708,Leauthaud,Merian,137.72860241899600,2020B-0288,-0.8016494427566290,900,1,FALSE
GAMA_J091205.40-005033.19_N540,--,N540,512,343,S2021A,object,GAMA_J091205.40-005033.19_N708,Leauthaud,Merian,138.02252673981300,2020B-0288,-0.8425532662480580,900,1,FALSE
GAMA_J091315.94-005301.60_N540,--,N540,512,344,S2021A,object,GAMA_J091315.94-005301.60_N708,Leauthaud,Merian,138.3164310161190,2020B-0288,-0.8837782317139070,900,1,FALSE
GAMA_J090635.54+005348.94_N540,--,N540,512,345,S2021A,object,GAMA_J090635.54+005348.94_N708,Leauthaud,Merian,136.64810692615900,2020B-0288,0.8969304900540940,900,1,FALSE
GAMA_J090745.73+004957.29_N540,--,N540,512,346,S2021A,object,GAMA_J090745.73+004957.29_N708,Leauthaud,Merian,136.940561245525,2020B-0288,0.8325827857861040,900,1,FALSE
GAMA_J090856.47+004731.50_N540,--,N540,512,347,S2021A,object,GAMA_J090856.47+004731.50_N708,Leauthaud,Merian,137.23532976393000,2020B-0288,0.7920857748767790,900,1,FALSE
GAMA_J091007.21+004504.54_N540,--,N540,512,348,S2021A,object,GAMA_J091007.21+004504.54_N708,Leauthaud,Merian,137.53006663988400,2020B-0288,0.7512617005123450,900,1,FALSE
GAMA_J090317.55+023144.44_N540,--,N540,512,349,S2021A,object,GAMA_J090317.55+023144.44_N708,Leauthaud,Merian,135.82316182175700,2020B-0288,2.5290126100722900,900,1,FALSE
GAMA_J090428.12+022755.57_N540,--,N540,512,350,S2021A,object,GAMA_J090428.12+022755.57_N708,Leauthaud,Merian,136.1171724015420,2020B-0288,2.4654362603234500,900,1,FALSE
GAMA_J090539.07+022531.34_N540,--,N540,512,351,S2021A,object,GAMA_J090539.07+022531.34_N708,Leauthaud,Merian,136.41281783095100,2020B-0288,2.425372484818310,900,1,FALSE
GAMA_J090650.02+022305.91_N540,--,N540,512,352,S2021A,object,GAMA_J090650.02+022305.91_N708,Leauthaud,Merian,136.70842022554600,2020B-0288,2.3849755097730700,900,1,FALSE
GAMA_J085946.03+040910.61_N540,--,N540,512,353,S2021A,object,GAMA_J085946.03+040910.61_N708,Leauthaud,Merian,134.9418097820800,2020B-0288,4.152947473738200,900,1,FALSE
GAMA_J090056.98+040524.75_N540,--,N540,512,354,S2021A,object,GAMA_J090056.98+040524.75_N708,Leauthaud,Merian,135.2374288192410,2020B-0288,4.090209777473340,900,1,FALSE
GAMA_J090208.15+040302.22_N540,--,N540,512,355,S2021A,object,GAMA_J090208.15+040302.22_N708,Leauthaud,Merian,135.53398426461400,2020B-0288,4.050618027015130,900,1,FALSE
GAMA_J090319.31+040038.47_N540,--,N540,512,356,S2021A,object,GAMA_J090319.31+040038.47_N708,Leauthaud,Merian,135.83048554635300,2020B-0288,4.010686591506060,900,1,FALSE
GAMA_J091609.76-004518.74_N540,--,N540,512,357,S2021A,object,GAMA_J091609.76-004518.74_N708,Leauthaud,Merian,139.04067983401600,2020B-0288,-0.7552081406383650,900,1,FALSE
GAMA_J091719.59-004918.18_N540,--,N540,512,358,S2021A,object,GAMA_J091719.59-004918.18_N708,Leauthaud,Merian,139.33163765914500,2020B-0288,-0.8217184544474810,900,1,FALSE
GAMA_J091830.13-005148.33_N540,--,N540,512,359,S2021A,object,GAMA_J091830.13-005148.33_N708,Leauthaud,Merian,139.62556850157600,2020B-0288,-0.863426306882704,900,1,FALSE
GAMA_J091940.67-005419.59_N540,--,N540,512,360,S2021A,object,GAMA_J091940.67-005419.59_N708,Leauthaud,Merian,139.91948002081100,2020B-0288,-0.9054439441743770,900,1,FALSE
GAMA_J091259.63+005226.52_N540,--,N540,512,361,S2021A,object,GAMA_J091259.63+005226.52_N708,Leauthaud,Merian,138.2484977648480,2020B-0288,0.8740359325746660,900,1,FALSE
GAMA_J091409.81+004829.62_N540,--,N540,512,362,S2021A,object,GAMA_J091409.81+004829.62_N708,Leauthaud,Merian,138.5409034700800,2020B-0288,0.8082285811155290,900,1,FALSE
GAMA_J091520.55+004600.88_N540,--,N540,512,363,S2021A,object,GAMA_J091520.55+004600.88_N708,Leauthaud,Merian,138.83564336751300,2020B-0288,0.7669130894143790,900,1,FALSE
GAMA_J091631.28+004331.01_N540,--,N540,512,364,S2021A,object,GAMA_J091631.28+004331.01_N708,Leauthaud,Merian,139.1303520870230,2020B-0288,0.7252817839750580,900,1,FALSE
GAMA_J090942.22+023013.63_N540,--,N540,512,365,S2021A,object,GAMA_J090942.22+023013.63_N708,Leauthaud,Merian,137.42595125621600,2020B-0288,2.5037882946848600,900,1,FALSE
GAMA_J091052.76+022619.40_N540,--,N540,512,366,S2021A,object,GAMA_J091052.76+022619.40_N708,Leauthaud,Merian,137.7198596205760,2020B-0288,2.438724136646880,900,1,FALSE
GAMA_J091203.70+022352.16_N540,--,N540,512,367,S2021A,object,GAMA_J091203.70+022352.16_N708,Leauthaud,Merian,138.0154427807490,2020B-0288,2.397824362175390,900,1,FALSE
GAMA_J091314.63+022123.76_N540,--,N540,512,368,S2021A,object,GAMA_J091314.63+022123.76_N708,Leauthaud,Merian,138.31098309162400,2020B-0288,2.3566025588065200,900,1,FALSE
GAMA_J090613.68+040741.72_N540,--,N540,512,369,S2021A,object,GAMA_J090613.68+040741.72_N708,Leauthaud,Merian,136.55703894892400,2020B-0288,4.128256272643560,900,1,FALSE
GAMA_J090724.60+040350.37_N540,--,N540,512,370,S2021A,object,GAMA_J090724.60+040350.37_N708,Leauthaud,Merian,136.85250519990700,2020B-0288,4.063991749267180,900,1,FALSE
GAMA_J090835.75+040124.74_N540,--,N540,512,371,S2021A,object,GAMA_J090835.75+040124.74_N708,Leauthaud,Merian,137.14896636886800,2020B-0288,4.023540254973630,900,1,FALSE
GAMA_J090946.88+035857.93_N540,--,N540,512,372,S2021A,object,GAMA_J090946.88+035857.93_N708,Leauthaud,Merian,137.4453732471890,2020B-0288,3.9827602254406900,900,1,FALSE
GAMA_J092236.17-004623.97_N540,--,N540,512,373,S2021A,object,GAMA_J092236.17-004623.97_N708,Leauthaud,Merian,140.6507211295330,2020B-0288,-0.7733267327496110,900,1,FALSE
GAMA_J092346.00-005028.41_N540,--,N540,512,374,S2021A,object,GAMA_J092346.00-005028.41_N708,Leauthaud,Merian,140.94168900356100,2020B-0288,-0.8412277599352530,900,1,FALSE
GAMA_J092456.55-005301.35_N540,--,N540,512,375,S2021A,object,GAMA_J092456.55-005301.35_N708,Leauthaud,Merian,141.2356278744070,2020B-0288,-0.8837102990066220,900,1,FALSE
GAMA_J092607.09-005535.36_N540,--,N540,512,376,S2021A,object,GAMA_J092607.09-005535.36_N708,Leauthaud,Merian,141.52954820743500,2020B-0288,-0.9264909724586620,900,1,FALSE
GAMA_J091925.17+005102.36_N540,--,N540,512,377,S2021A,object,GAMA_J091925.17+005102.36_N708,Leauthaud,Merian,139.8548769926930,2020B-0288,0.8506561212501940,900,1,FALSE
GAMA_J092035.33+004700.36_N540,--,N540,512,378,S2021A,object,GAMA_J092035.33+004700.36_N708,Leauthaud,Merian,140.14723451241800,2020B-0288,0.7834352885977430,900,1,FALSE
GAMA_J092146.06+004428.79_N540,--,N540,512,379,S2021A,object,GAMA_J092146.06+004428.79_N708,Leauthaud,Merian,140.4419462157180,2020B-0288,0.7413306647524700,900,1,FALSE
GAMA_J092256.79+004156.11_N540,--,N540,512,380,S2021A,object,GAMA_J092256.79+004156.11_N708,Leauthaud,Merian,140.73662728647000,2020B-0288,0.6989217652926710,900,1,FALSE
GAMA_J091608.08+022837.50_N540,--,N540,512,381,S2021A,object,GAMA_J091608.08+022837.50_N708,Leauthaud,Merian,139.033702120104,2020B-0288,2.4770835048581700,900,1,FALSE
GAMA_J091718.60+022438.08_N540,--,N540,512,382,S2021A,object,GAMA_J091718.60+022438.08_N708,Leauthaud,Merian,139.32750662604300,2020B-0288,2.410578080293810,900,1,FALSE
GAMA_J091829.52+022207.93_N540,--,N540,512,383,S2021A,object,GAMA_J091829.52+022207.93_N708,Leauthaud,Merian,139.62302678456900,2020B-0288,2.3688718675792500,900,1,FALSE
GAMA_J091940.44+021936.67_N540,--,N540,512,384,S2021A,object,GAMA_J091940.44+021936.67_N708,Leauthaud,Merian,139.91850437708700,2020B-0288,2.326855082005720,900,1,FALSE
GAMA_J091241.32+040604.11_N540,--,N540,512,385,S2021A,object,GAMA_J091241.32+040604.11_N708,Leauthaud,Merian,138.17220407072300,2020B-0288,4.101142840015040,900,1,FALSE
GAMA_J091352.20+040207.44_N540,--,N540,512,386,S2021A,object,GAMA_J091352.20+040207.44_N708,Leauthaud,Merian,138.46751396693300,2020B-0288,4.035402613764670,900,1,FALSE
GAMA_J091503.33+035938.84_N540,--,N540,512,387,S2021A,object,GAMA_J091503.33+035938.84_N708,Leauthaud,Merian,138.76387905946300,2020B-0288,3.9941235482393300,900,1,FALSE
GAMA_J091614.44+035709.09_N540,--,N540,512,388,S2021A,object,GAMA_J091614.44+035709.09_N708,Leauthaud,Merian,139.06018984969300,2020B-0288,3.952527354893770,900,1,FALSE
GAMA_J092904.74-004727.35_N540,--,N540,512,389,S2021A,object,GAMA_J092904.74-004727.35_N708,Leauthaud,Merian,142.26977628050700,2020B-0288,-0.7909309137015520,900,1,FALSE
GAMA_J093014.58-005136.63_N540,--,N540,512,390,S2021A,object,GAMA_J093014.58-005136.63_N708,Leauthaud,Merian,142.5607565909650,2020B-0288,-0.8601763739333590,900,1,FALSE
GAMA_J093125.12-005412.25_N540,--,N540,512,391,S2021A,object,GAMA_J093125.12-005412.25_N708,Leauthaud,Merian,142.8547050035500,2020B-0288,-0.9034041105217820,900,1,FALSE
GAMA_J093235.67-005648.90_N540,--,N540,512,392,S2021A,object,GAMA_J093235.67-005648.90_N708,Leauthaud,Merian,143.14863572714900,2020B-0288,-0.9469180287027210,900,1,FALSE
GAMA_J092552.62+004940.04_N540,--,N540,512,393,S2021A,object,GAMA_J092552.62+004940.04_N708,Leauthaud,Merian,141.46925640380600,2020B-0288,0.8277903389977290,900,1,FALSE
GAMA_J092702.77+004533.12_N540,--,N540,512,394,S2021A,object,GAMA_J092702.77+004533.12_N708,Leauthaud,Merian,141.76156708176500,2020B-0288,0.7592022161300950,900,1,FALSE
GAMA_J092813.50+004258.81_N540,--,N540,512,395,S2021A,object,GAMA_J092813.50+004258.81_N708,Leauthaud,Merian,142.05625152829400,2020B-0288,0.7163378693663930,900,1,FALSE
GAMA_J092924.21+004023.45_N540,--,N540,512,396,S2021A,object,GAMA_J092924.21+004023.45_N708,Leauthaud,Merian,142.35090596083600,2020B-0288,0.6731810818350140,900,1,FALSE
GAMA_J092235.62+022659.62_N540,--,N540,512,397,S2021A,object,GAMA_J092235.62+022659.62_N708,Leauthaud,Merian,140.64842719021900,2020B-0288,2.4498962221451900,900,1,FALSE
GAMA_J092346.11+022255.18_N540,--,N540,512,398,S2021A,object,GAMA_J092346.11+022255.18_N708,Leauthaud,Merian,140.94212719492600,2020B-0288,2.3819959810851100,900,1,FALSE
GAMA_J092457.02+022022.24_N540,--,N540,512,399,S2021A,object,GAMA_J092457.02+022022.24_N708,Leauthaud,Merian,141.23758418344500,2020B-0288,2.339512878355740,900,1,FALSE
GAMA_J092607.91+021748.23_N540,--,N540,512,400,S2021A,object,GAMA_J092607.91+021748.23_N708,Leauthaud,Merian,141.5329989796990,2020B-0288,2.2967309518925600,900,1,FALSE
GAMA_J091910.15+040417.63_N540,--,N540,512,401,S2021A,object,GAMA_J091910.15+040417.63_N708,Leauthaud,Merian,139.79230448520100,2020B-0288,4.071565980430500,900,1,FALSE
GAMA_J092020.98+040015.83_N540,--,N540,512,402,S2021A,object,GAMA_J092020.98+040015.83_N708,Leauthaud,Merian,140.08745440359800,2020B-0288,4.004398017824940,900,1,FALSE
GAMA_J092132.09+035744.35_N540,--,N540,512,403,S2021A,object,GAMA_J092132.09+035744.35_N708,Leauthaud,Merian,140.3837215851560,2020B-0288,3.9623217982366300,900,1,FALSE
GAMA_J092243.18+035511.78_N540,--,N540,512,404,S2021A,object,GAMA_J092243.18+035511.78_N708,Leauthaud,Merian,140.67993456793800,2020B-0288,3.919940142908260,900,1,FALSE
GAMA_J093535.24-004828.74_N540,--,N540,512,405,S2021A,object,GAMA_J093535.24-004828.74_N708,Leauthaud,Merian,143.8968452907040,2020B-0288,-0.8079859259939980,900,1,FALSE
GAMA_J093645.08-005242.69_N540,--,N540,512,406,S2021A,object,GAMA_J093645.08-005242.69_N708,Leauthaud,Merian,144.1878404142980,2020B-0288,-0.8785267721784200,900,1,FALSE
GAMA_J093755.63-005520.88_N540,--,N540,512,407,S2021A,object,GAMA_J093755.63-005520.88_N708,Leauthaud,Merian,144.48179986858500,2020B-0288,-0.9224686224247830,900,1,FALSE
GAMA_J093906.17-005800.06_N540,--,N540,512,408,S2021A,object,GAMA_J093906.17-005800.06_N708,Leauthaud,Merian,144.77574254385600,2020B-0288,-0.9666844122910170,900,1,FALSE
GAMA_J093221.99+004816.06_N540,--,N540,512,409,S2021A,object,GAMA_J093221.99+004816.06_N708,Leauthaud,Merian,143.09162599719600,2020B-0288,0.8044619507958990,900,1,FALSE
GAMA_J093332.13+004404.39_N540,--,N540,512,410,S2021A,object,GAMA_J093332.13+004404.39_N708,Leauthaud,Merian,143.38389041916200,2020B-0288,0.7345546237335220,900,1,FALSE
GAMA_J093442.85+004127.45_N540,--,N540,512,411,S2021A,object,GAMA_J093442.85+004127.45_N708,Leauthaud,Merian,143.6785481263130,2020B-0288,0.6909610725980270,900,1,FALSE
GAMA_J093553.56+003849.51_N540,--,N540,512,412,S2021A,object,GAMA_J093553.56+003849.51_N708,Leauthaud,Merian,143.97317651729300,2020B-0288,0.6470872065219350,900,1,FALSE
GAMA_J092904.58+022516.53_N540,--,N540,512,413,S2021A,object,GAMA_J092904.58+022516.53_N708,Leauthaud,Merian,142.26911854902400,2020B-0288,2.4212595046957700,900,1,FALSE
GAMA_J093015.05+022107.24_N540,--,N540,512,414,S2021A,object,GAMA_J093015.05+022107.24_N708,Leauthaud,Merian,142.56271283088900,2020B-0288,2.35201351634866,900,1,FALSE
GAMA_J093125.94+021831.62_N540,--,N540,512,415,S2021A,object,GAMA_J093125.94+021831.62_N708,Leauthaud,Merian,142.85810617256200,2020B-0288,2.3087845752925400,900,1,FALSE
GAMA_J093236.82+021554.96_N540,--,N540,512,416,S2021A,object,GAMA_J093236.82+021554.96_N708,Leauthaud,Merian,143.15345779261300,2020B-0288,2.2652688390414000,900,1,FALSE
GAMA_J094208.38-004928.19_N540,--,N540,512,417,S2021A,object,GAMA_J094208.38-004928.19_N708,Leauthaud,Merian,145.5349283011990,2020B-0288,-0.8244981343288900,900,1,FALSE
GAMA_J094318.22-005346.62_N540,--,N540,512,418,S2021A,object,GAMA_J094318.22-005346.62_N708,Leauthaud,Merian,145.82594063438300,2020B-0288,-0.8962856719417200,900,1,FALSE
GAMA_J094428.77-005627.27_N540,--,N540,512,419,S2021A,object,GAMA_J094428.77-005627.27_N708,Leauthaud,Merian,146.1199126402580,2020B-0288,-0.9409106746642010,900,1,FALSE
GAMA_J094539.32-005908.86_N540,--,N540,512,420,S2021A,object,GAMA_J094539.32-005908.86_N708,Leauthaud,Merian,146.41386883793800,2020B-0288,-0.9857970690864220,900,1,FALSE
GAMA_J093853.75+004650.42_N540,--,N540,512,421,S2021A,object,GAMA_J093853.75+004650.42_N708,Leauthaud,Merian,144.72398674331000,2020B-0288,0.7806740598567050,900,1,FALSE
GAMA_J094003.88+004234.18_N540,--,N540,512,422,S2021A,object,GAMA_J094003.88+004234.18_N708,Leauthaud,Merian,145.0162055831900,2020B-0288,0.7094959698317160,900,1,FALSE
GAMA_J094114.60+003954.73_N540,--,N540,512,423,S2021A,object,GAMA_J094114.60+003954.73_N708,Leauthaud,Merian,145.31083712036000,2020B-0288,0.6652039951825510,900,1,FALSE
GAMA_J094225.30+003714.31_N540,--,N540,512,424,S2021A,object,GAMA_J094225.30+003714.31_N708,Leauthaud,Merian,145.6054401180230,2020B-0288,0.6206441314133090,900,1,FALSE
GAMA_J093535.70+022328.18_N540,--,N540,512,425,S2021A,object,GAMA_J093535.70+022328.18_N708,Leauthaud,Merian,143.89877729043500,2020B-0288,2.391163534451120,900,1,FALSE
GAMA_J093646.14+021914.23_N540,--,N540,512,426,S2021A,object,GAMA_J093646.14+021914.23_N708,Leauthaud,Merian,144.19226472981100,2020B-0288,2.320620213320410,900,1,FALSE
GAMA_J093757.02+021636.03_N540,--,N540,512,427,S2021A,object,GAMA_J093757.02+021636.03_N708,Leauthaud,Merian,144.4875940097230,2020B-0288,2.276676176196950,900,1,FALSE
GAMA_J093907.89+021356.84_N540,--,N540,512,428,S2021A,object,GAMA_J093907.89+021356.84_N708,Leauthaud,Merian,144.7828821356530,2020B-0288,2.2324576675331700,900,1,FALSE
GAMA_J094843.92-005025.55_N540,--,N540,512,429,S2021A,object,GAMA_J094843.92-005025.55_N708,Leauthaud,Merian,147.18302524866800,2020B-0288,-0.8404311412134570,900,1,FALSE
GAMA_J094953.77-005448.28_N540,--,N540,512,430,S2021A,object,GAMA_J094953.77-005448.28_N708,Leauthaud,Merian,147.47405716496600,2020B-0288,-0.9134137765220260,900,1,FALSE
GAMA_J095104.33-005731.28_N540,--,N540,512,431,S2021A,object,GAMA_J095104.33-005731.28_N708,Leauthaud,Merian,147.76804321096700,2020B-0288,-0.9586892985065330,900,1,FALSE
GAMA_J095214.88-010015.16_N540,--,N540,512,432,S2021A,object,GAMA_J095214.88-010015.16_N708,Leauthaud,Merian,148.06201447771600,2020B-0288,-1.0042133718991800,900,1,FALSE
GAMA_J094527.92+004523.22_N540,--,N540,512,433,S2021A,object,GAMA_J094527.92+004523.22_N708,Leauthaud,Merian,146.36634035237800,2020B-0288,0.7564523332451200,900,1,FALSE
GAMA_J094638.04+004102.59_N540,--,N540,512,434,S2021A,object,GAMA_J094638.04+004102.59_N708,Leauthaud,Merian,146.65851442400000,2020B-0288,0.6840540028022900,900,1,FALSE
GAMA_J094748.74+003820.74_N540,--,N540,512,435,S2021A,object,GAMA_J094748.74+003820.74_N708,Leauthaud,Merian,146.95312044229500,2020B-0288,0.6390956064396590,900,1,FALSE
GAMA_J094859.44+003537.97_N540,--,N540,512,436,S2021A,object,GAMA_J094859.44+003537.97_N708,Leauthaud,Merian,147.24769877518500,2020B-0288,0.5938820407661710,900,1,FALSE
GAMA_J094208.98+022138.27_N540,--,N540,512,437,S2021A,object,GAMA_J094208.98+022138.27_N708,Leauthaud,Merian,145.5374166998940,2020B-0288,2.3606327804281800,900,1,FALSE
GAMA_J094319.39+021719.83_N540,--,N540,512,438,S2021A,object,GAMA_J094319.39+021719.83_N708,Leauthaud,Merian,145.8307972078870,2020B-0288,2.288842513361730,900,1,FALSE
GAMA_J094430.25+021439.17_N540,--,N540,512,439,S2021A,object,GAMA_J094430.25+021439.17_N708,Leauthaud,Merian,146.12606259104700,2020B-0288,2.244215276739000,900,1,FALSE
GAMA_J094541.10+021157.57_N540,--,N540,512,440,S2021A,object,GAMA_J094541.10+021157.57_N708,Leauthaud,Merian,146.42128747631300,2020B-0288,2.1993261809174600,900,1,FALSE
GAMA_J095522.35-005120.79_N540,--,N540,512,441,S2021A,object,GAMA_J095522.35-005120.79_N708,Leauthaud,Merian,148.84313619623000,2020B-0288,-0.8557772835558600,900,1,FALSE
GAMA_J095632.20-005547.64_N540,--,N540,512,442,S2021A,object,GAMA_J095632.20-005547.64_N708,Leauthaud,Merian,149.1341900730120,2020B-0288,-0.9299026818782500,900,1,FALSE
GAMA_J095742.76-005832.86_N540,--,N540,512,443,S2021A,object,GAMA_J095742.76-005832.86_N708,Leauthaud,Merian,149.42819164612700,2020B-0288,-0.9757955943535140,900,1,FALSE
GAMA_J095853.32-010118.92_N540,--,N540,512,444,S2021A,object,GAMA_J095853.32-010118.92_N708,Leauthaud,Merian,149.7221795259060,2020B-0288,-1.0219239162715600,900,1,FALSE
GAMA_J095204.96+004354.49_N540,--,N540,512,445,S2021A,object,GAMA_J095204.96+004354.49_N708,Leauthaud,Merian,148.02068788701300,2020B-0288,0.7318039758974970,900,1,FALSE
GAMA_J095315.07+003929.65_N540,--,N540,512,446,S2021A,object,GAMA_J095315.07+003929.65_N708,Leauthaud,Merian,148.3128180974400,2020B-0288,0.6582366294253790,900,1,FALSE
GAMA_J095425.77+003645.51_N540,--,N540,512,447,S2021A,object,GAMA_J095425.77+003645.51_N708,Leauthaud,Merian,148.60739930246,2020B-0288,0.6126442858482950,900,1,FALSE
GAMA_J095536.46+003400.51_N540,--,N540,512,448,S2021A,object,GAMA_J095536.46+003400.51_N708,Leauthaud,Merian,148.90195375296800,2020B-0288,0.5668097960965960,900,1,FALSE
GAMA_J094844.88+021943.22_N540,--,N540,512,449,S2021A,object,GAMA_J094844.88+021943.22_N708,Leauthaud,Merian,147.18702804724800,2020B-0288,2.328672879629920,900,1,FALSE
GAMA_J094955.27+021520.47_N540,--,N540,512,450,S2021A,object,GAMA_J094955.27+021520.47_N708,Leauthaud,Merian,147.48030089381100,2020B-0288,2.255686622909040,900,1,FALSE
GAMA_J095106.12+021237.47_N540,--,N540,512,451,S2021A,object,GAMA_J095106.12+021237.47_N708,Leauthaud,Merian,147.7755021999000,2020B-0288,2.2104084744951100,900,1,FALSE
GAMA_J095216.95+020953.57_N540,--,N540,512,452,S2021A,object,GAMA_J095216.95+020953.57_N708,Leauthaud,Merian,148.0706637598720,2020B-0288,2.164881376953150,900,1,FALSE
GAMA_J100203.90-005213.86_N540,--,N540,512,453,S2021A,object,GAMA_J100203.90-005213.86_N708,Leauthaud,Merian,150.51626113526600,2020B-0288,-0.8705168266688440,900,1,FALSE
GAMA_J100313.76-005644.63_N540,--,N540,512,454,S2021A,object,GAMA_J100313.76-005644.63_N708,Leauthaud,Merian,150.8073393392250,2020B-0288,-0.9457309851085220,900,1,FALSE
GAMA_J100424.32-005931.94_N540,--,N540,512,455,S2021A,object,GAMA_J100424.32-005931.94_N708,Leauthaud,Merian,151.10135791446200,2020B-0288,-0.9922071468747980,900,1,FALSE
GAMA_J100534.88-010220.05_N540,--,N540,512,456,S2021A,object,GAMA_J100534.88-010220.05_N708,Leauthaud,Merian,151.39536393734300,2020B-0288,-1.038905272842860,900,1,FALSE
GAMA_J095844.88+004227.92_N540,--,N540,512,457,S2021A,object,GAMA_J095844.88+004227.92_N708,Leauthaud,Merian,149.68703995580000,2020B-0288,0.7077572307907020,900,1,FALSE
GAMA_J095954.99+003759.06_N540,--,N540,512,458,S2021A,object,GAMA_J095954.99+003759.06_N708,Leauthaud,Merian,149.97912800334000,2020B-0288,0.6330743832425550,900,1,FALSE
GAMA_J100105.68+003512.77_N540,--,N540,512,459,S2021A,object,GAMA_J100105.68+003512.77_N708,Leauthaud,Merian,150.27368553038900,2020B-0288,0.5868819122458650,900,1,FALSE
GAMA_J100216.37+003225.65_N540,--,N540,512,460,S2021A,object,GAMA_J100216.37+003225.65_N708,Leauthaud,Merian,150.56821730071000,2020B-0288,0.5404606151620360,900,1,FALSE
GAMA_J095523.66+021746.68_N540,--,N540,512,461,S2021A,object,GAMA_J095523.66+021746.68_N708,Leauthaud,Merian,148.84862320526700,2020B-0288,2.2963017718172300,900,1,FALSE
GAMA_J095634.02+021319.81_N540,--,N540,512,462,S2021A,object,GAMA_J095634.02+021319.81_N708,Leauthaud,Merian,149.1417885696060,2020B-0288,2.222171992204590,900,1,FALSE
GAMA_J095744.86+021034.59_N540,--,N540,512,463,S2021A,object,GAMA_J095744.86+021034.59_N708,Leauthaud,Merian,149.4369261229290,2020B-0288,2.17627613750324,900,1,FALSE
GAMA_J095855.68+020748.52_N540,--,N540,512,464,S2021A,object,GAMA_J095855.68+020748.52_N708,Leauthaud,Merian,149.73202476882300,2020B-0288,2.130144542843140,900,1,FALSE
GAMA_J100527.93+004059.99_N540,--,N540,512,465,S2021A,object,GAMA_J100527.93+004059.99_N708,Leauthaud,Merian,151.36638834895100,2020B-0288,0.6833321356727870,900,1,FALSE
GAMA_J100638.02+003627.32_N540,--,N540,512,466,S2021A,object,GAMA_J100638.02+003627.32_N708,Leauthaud,Merian,151.65843532192100,2020B-0288,0.6075889934586360,900,1,FALSE
GAMA_J100748.71+003338.99_N540,--,N540,512,467,S2021A,object,GAMA_J100748.71+003338.99_N708,Leauthaud,Merian,151.95296997778500,2020B-0288,0.5608312395123730,900,1,FALSE
GAMA_J100859.39+003049.88_N540,--,N540,512,468,S2021A,object,GAMA_J100859.39+003049.88_N708,Leauthaud,Merian,152.2474799478270,2020B-0288,0.5138582778036640,900,1,FALSE
GAMA_J100205.08+021541.60_N540,--,N540,512,469,S2021A,object,GAMA_J100205.08+021541.60_N708,Leauthaud,Merian,150.52118807880000,2020B-0288,2.261556488672240,900,1,FALSE
GAMA_J100315.41+021110.81_N540,--,N540,512,470,S2021A,object,GAMA_J100315.41+021110.81_N708,Leauthaud,Merian,150.8142451208420,2020B-0288,2.186338593535810,900,1,FALSE
GAMA_J100426.23+020823.49_N540,--,N540,512,471,S2021A,object,GAMA_J100426.23+020823.49_N708,Leauthaud,Merian,151.10931871656800,2020B-0288,2.139859928650900,900,1,FALSE
GAMA_J100537.04+020535.37_N540,--,N540,512,472,S2021A,object,GAMA_J100537.04+020535.37_N708,Leauthaud,Merian,151.40435434448500,2020B-0288,2.0931590172656600,900,1,FALSE
GAMA_J101214.33+003930.78_N540,--,N540,512,473,S2021A,object,GAMA_J101214.33+003930.78_N708,Leauthaud,Merian,153.0597345721010,2020B-0288,0.6585505331495700,900,1,FALSE
GAMA_J101324.41+003454.49_N540,--,N540,512,474,S2021A,object,GAMA_J101324.41+003454.49_N708,Leauthaud,Merian,153.35174167414300,2020B-0288,0.5818041397399210,900,1,FALSE
GAMA_J101435.10+003204.26_N540,--,N540,512,475,S2021A,object,GAMA_J101435.10+003204.26_N708,Leauthaud,Merian,153.64625433138000,2020B-0288,0.5345170587949750,900,1,FALSE
GAMA_J101545.77+002913.30_N540,--,N540,512,476,S2021A,object,GAMA_J101545.77+002913.30_N708,Leauthaud,Merian,153.9407434450090,2020B-0288,0.4870286876767670,900,1,FALSE
GAMA_J100850.09+021335.15_N540,--,N540,512,477,S2021A,object,GAMA_J100850.09+021335.15_N708,Leauthaud,Merian,152.20874110685300,2020B-0288,2.226431458255840,900,1,FALSE
GAMA_J101000.40+020900.65_N540,--,N540,512,478,S2021A,object,GAMA_J101000.40+020900.65_N708,Leauthaud,Merian,152.50169036752200,2020B-0288,2.1501806519779400,900,1,FALSE
GAMA_J101111.20+020611.35_N540,--,N540,512,479,S2021A,object,GAMA_J101111.20+020611.35_N708,Leauthaud,Merian,152.79670054538800,2020B-0288,2.1031540866347200,900,1,FALSE
GAMA_J101222.00+020321.30_N540,--,N540,512,480,S2021A,object,GAMA_J101222.00+020321.30_N708,Leauthaud,Merian,153.09167377994900,2020B-0288,2.055919077633690,900,1,FALSE
GAMA_J101538.22+021127.50_N540,--,N540,512,481,S2021A,object,GAMA_J101538.22+021127.50_N708,Leauthaud,Merian,153.90928633590400,2020B-0288,2.1909745770161800,900,1,FALSE
GAMA_J101648.51+020649.49_N540,--,N540,512,482,S2021A,object,GAMA_J101648.51+020649.49_N708,Leauthaud,Merian,154.2021286629480,2020B-0288,2.1137498134522900,900,1,FALSE
GAMA_J101759.29+020358.36_N540,--,N540,512,483,S2021A,object,GAMA_J101759.29+020358.36_N708,Leauthaud,Merian,154.49707614316600,2020B-0288,2.0662123880353800,900,1,FALSE
GAMA_J101910.07+020106.53_N540,--,N540,512,484,S2021A,object,GAMA_J101910.07+020106.53_N708,Leauthaud,Merian,154.79198778612000,2020B-0288,2.0184806074935000,900,1,FALSE
GAMA_J102229.95+020911.52_N540,--,N540,512,485,S2021A,object,GAMA_J102229.95+020911.52_N708,Leauthaud,Merian,155.62481042299800,2020B-0288,2.153201346867020,900,1,FALSE
GAMA_J102340.21+020430.22_N540,--,N540,512,486,S2021A,object,GAMA_J102340.21+020430.22_N708,Leauthaud,Merian,155.9175457206030,2020B-0288,2.0750629693893600,900,1,FALSE
GAMA_J102450.98+020137.38_N540,--,N540,512,487,S2021A,object,GAMA_J102450.98+020137.38_N708,Leauthaud,Merian,156.21243074230000,2020B-0288,2.0270526060793800,900,1,FALSE
GAMA_J102601.74+015843.90_N540,--,N540,512,488,S2021A,object,GAMA_J102601.74+015843.90_N708,Leauthaud,Merian,156.50728112956000,2020B-0288,1.9788622703569700,900,1,FALSE
GAMA_J102925.04+020708.94_N540,--,N540,512,489,S2021A,object,GAMA_J102925.04+020708.94_N708,Leauthaud,Merian,157.35436007860700,2020B-0288,2.1191510475999700,900,1,FALSE
GAMA_J103035.27+020224.58_N540,--,N540,512,490,S2021A,object,GAMA_J103035.27+020224.58_N708,Leauthaud,Merian,157.64699157165900,2020B-0288,2.0401624903832900,900,1,FALSE
GAMA_J103146.03+015930.18_N540,--,N540,512,491,S2021A,object,GAMA_J103146.03+015930.18_N708,Leauthaud,Merian,157.94181609591000,2020B-0288,1.9917188825081900,900,1,FALSE
GAMA_J103256.78+015635.19_N540,--,N540,512,492,S2021A,object,GAMA_J103256.78+015635.19_N708,Leauthaud,Merian,158.23660723094900,2020B-0288,1.9431099620974800,900,1,FALSE
GAMA_J102228.49-005439.00_N540,--,N540,512,493,S2021A,object,GAMA_J102228.49-005439.00_N708,Leauthaud,Merian,155.61871884741200,2020B-0288,-0.9108343353392790,900,1,FALSE
GAMA_J102338.37-005920.28_N540,--,N540,512,494,S2021A,object,GAMA_J102338.37-005920.28_N708,Leauthaud,Merian,155.90988394605200,2020B-0288,-0.9889691897754670,900,1,FALSE
GAMA_J102448.95-010213.11_N540,--,N540,512,495,S2021A,object,GAMA_J102448.95-010213.11_N708,Leauthaud,Merian,156.20396213606800,2020B-0288,-1.0369774298498000,900,1,FALSE
GAMA_J102559.52-010506.59_N540,--,N540,512,496,S2021A,object,GAMA_J102559.52-010506.59_N708,Leauthaud,Merian,156.49803150078100,2020B-0288,-1.0851655078923200,900,1,FALSE
GAMA_J101904.09+003800.39_N540,--,N540,512,497,S2021A,object,GAMA_J101904.09+003800.39_N708,Leauthaud,Merian,154.76708050171500,2020B-0288,0.6334436165766730,900,1,FALSE
GAMA_J102014.17+003320.71_N540,--,N540,512,498,S2021A,object,GAMA_J102014.17+003320.71_N708,Leauthaud,Merian,155.0590490699180,2020B-0288,0.5557535419603390,900,1,FALSE
GAMA_J102124.84+003028.70_N540,--,N540,512,499,S2021A,object,GAMA_J102124.84+003028.70_N708,Leauthaud,Merian,155.35354067626400,2020B-0288,0.5079745701660930,900,1,FALSE
GAMA_J102235.52+002736.03_N540,--,N540,512,500,S2021A,object,GAMA_J102235.52+002736.03_N708,Leauthaud,Merian,155.64800994978900,2020B-0288,0.4600085174458490,900,1,FALSE
GAMA_J102557.70+003632.50_N540,--,N540,512,501,S2021A,object,GAMA_J102557.70+003632.50_N708,Leauthaud,Merian,156.4904343590180,2020B-0288,0.6090286849223460,900,1,FALSE
GAMA_J102707.76+003149.64_N540,--,N540,512,502,S2021A,object,GAMA_J102707.76+003149.64_N708,Leauthaud,Merian,156.78236631646200,2020B-0288,0.530456036029457,900,1,FALSE
GAMA_J102818.44+002856.00_N540,--,N540,512,503,S2021A,object,GAMA_J102818.44+002856.00_N708,Leauthaud,Merian,157.07683812312200,2020B-0288,0.4822235811271310,900,1,FALSE
GAMA_J102929.10+002601.74_N540,--,N540,512,504,S2021A,object,GAMA_J102929.10+002601.74_N708,Leauthaud,Merian,157.37128886610500,2020B-0288,0.4338185548085900,900,1,FALSE
GAMA_J103254.19+003514.51_N540,--,N540,512,505,S2021A,object,GAMA_J103254.19+003514.51_N708,Leauthaud,Merian,158.22581085159500,2020B-0288,0.5873657749790970,900,1,FALSE
GAMA_J103404.25+003028.71_N540,--,N540,512,506,S2021A,object,GAMA_J103404.25+003028.71_N708,Leauthaud,Merian,158.5177090897980,2020B-0288,0.5079762189189080,900,1,FALSE
GAMA_J103514.91+002733.59_N540,--,N540,512,507,S2021A,object,GAMA_J103514.91+002733.59_N708,Leauthaud,Merian,158.81216282721800,2020B-0288,0.4593312050373400,900,1,FALSE
GAMA_J103625.58+002437.90_N540,--,N540,512,508,S2021A,object,GAMA_J103625.58+002437.90_N708,Leauthaud,Merian,159.10659680486400,2020B-0288,0.41052838682672300,900,1,FALSE
GAMA_J102923.97-005522.39_N540,--,N540,512,509,S2021A,object,GAMA_J102923.97-005522.39_N708,Leauthaud,Merian,157.34989855002500,2020B-0288,-0.922887719579268,900,1,FALSE
GAMA_J103033.86-010006.74_N540,--,N540,512,510,S2021A,object,GAMA_J103033.86-010006.74_N708,Leauthaud,Merian,157.6410971299820,2020B-0288,-1.0018738384572300,900,1,FALSE
GAMA_J103144.44-010301.13_N540,--,N540,512,511,S2021A,object,GAMA_J103144.44-010301.13_N708,Leauthaud,Merian,157.93519796426200,2020B-0288,-1.0503159583496000,900,1,FALSE
GAMA_J103255.02-010556.12_N540,--,N540,512,512,S2021A,object,GAMA_J103255.02-010556.12_N708,Leauthaud,Merian,158.22929130751200,2020B-0288,-1.098923281007560,900,1,FALSE
COSMOS_J100028.60+021221.00_N540,--,N540,40,1,S2021A,object,COSMOS_J100028.60+021221.00_N708,Leauthaud,Merian,150.11916666666700,2020B-0288,2.205833333333330,900,1,FALSE
COSMOS_J100007.53+020921.98_N540,--,N540,40,2,S2021A,object,COSMOS_J100007.53+020921.98_N708,Leauthaud,Merian,150.03139690926900,2020B-0288,2.1561062341715000,900,1,FALSE
COSMOS_J100022.90+020659.07_N540,--,N540,40,3,S2021A,object,COSMOS_J100022.90+020659.07_N708,Leauthaud,Merian,150.0954566257250,2020B-0288,2.116409009832740,900,1,FALSE
COSMOS_J100052.91+021803.32_N540,--,N540,40,4,S2021A,object,COSMOS_J100052.91+021803.32_N708,Leauthaud,Merian,150.22049895530700,2020B-0288,2.300922330504640,900,1,FALSE
COSMOS_J100021.44+021535.51_N540,--,N540,40,5,S2021A,object,COSMOS_J100021.44+021535.51_N708,Leauthaud,Merian,150.0893375126730,2020B-0288,2.259866031570710,900,1,FALSE
COSMOS_J100036.77+021731.39_N540,--,N540,40,6,S2021A,object,COSMOS_J100036.77+021731.39_N708,Leauthaud,Merian,150.15324613184600,2020B-0288,2.2920551944107000,900,1,FALSE
COSMOS_J100022.19+020744.83_N540,--,N540,40,7,S2021A,object,COSMOS_J100022.19+020744.83_N708,Leauthaud,Merian,150.09246995194100,2020B-0288,2.129122178156980,900,1,FALSE
COSMOS_J100006.64+021452.11_N540,--,N540,40,8,S2021A,object,COSMOS_J100006.64+021452.11_N708,Leauthaud,Merian,150.02770586572700,2020B-0288,2.24780834195101,900,1,FALSE
COSMOS_J100048.63+021511.99_N540,--,N540,40,9,S2021A,object,COSMOS_J100048.63+021511.99_N708,Leauthaud,Merian,150.2026284874380,2020B-0288,2.2533324336464200,900,1,FALSE
COSMOS_J100026.58+021448.51_N540,--,N540,40,10,S2021A,object,COSMOS_J100026.58+021448.51_N708,Leauthaud,Merian,150.1107594917230,2020B-0288,2.2468106553856500,900,1,FALSE
COSMOS_J100019.59+021041.93_N540,--,N540,40,11,S2021A,object,COSMOS_J100019.59+021041.93_N708,Leauthaud,Merian,150.08166541419600,2020B-0288,2.1783156503045100,900,1,FALSE
COSMOS_J100030.93+021225.14_N540,--,N540,40,12,S2021A,object,COSMOS_J100030.93+021225.14_N708,Leauthaud,Merian,150.12889503981700,2020B-0288,2.206983633359950,900,1,FALSE
COSMOS_J100043.09+020744.83_N540,--,N540,40,13,S2021A,object,COSMOS_J100043.09+020744.83_N708,Leauthaud,Merian,150.1795563238860,2020B-0288,2.1291220723039300,900,1,FALSE
COSMOS_J100042.48+021228.16_N540,--,N540,40,14,S2021A,object,COSMOS_J100042.48+021228.16_N708,Leauthaud,Merian,150.17701679047100,2020B-0288,2.207823503786120,900,1,FALSE
COSMOS_J100050.73+021600.62_N540,--,N540,40,15,S2021A,object,COSMOS_J100050.73+021600.62_N708,Leauthaud,Merian,150.21140104241800,2020B-0288,2.2668412375916300,900,1,FALSE
COSMOS_J100032.50+021230.26_N540,--,N540,40,16,S2021A,object,COSMOS_J100032.50+021230.26_N708,Leauthaud,Merian,150.13542975763200,2020B-0288,2.2084058729793800,900,1,FALSE
COSMOS_J100041.87+021521.29_N540,--,N540,40,17,S2021A,object,COSMOS_J100041.87+021521.29_N708,Leauthaud,Merian,150.17447369569600,2020B-0288,2.255914404306870,900,1,FALSE
COSMOS_J100006.90+021439.60_N540,--,N540,40,18,S2021A,object,COSMOS_J100006.90+021439.60_N708,Leauthaud,Merian,150.0287597066600,2020B-0288,2.2443360374296600,900,1,FALSE
COSMOS_J100031.32+021131.23_N540,--,N540,40,19,S2021A,object,COSMOS_J100031.32+021131.23_N708,Leauthaud,Merian,150.13052943105600,2020B-0288,2.1920091808163400,900,1,FALSE
COSMOS_J100013.36+021048.38_N540,--,N540,40,20,S2021A,object,COSMOS_J100013.36+021048.38_N708,Leauthaud,Merian,150.05569398071500,2020B-0288,2.1801063075061800,900,1,FALSE
COSMOS_J100005.83+021146.51_N540,--,N540,40,21,S2021A,object,COSMOS_J100005.83+021146.51_N708,Leauthaud,Merian,150.02431462181300,2020B-0288,2.196253039178050,900,1,FALSE
COSMOS_J100042.77+021227.08_N540,--,N540,40,22,S2021A,object,COSMOS_J100042.77+021227.08_N708,Leauthaud,Merian,150.17823566548100,2020B-0288,2.2075245925298600,900,1,FALSE
COSMOS_J100040.83+021453.04_N540,--,N540,40,23,S2021A,object,COSMOS_J100040.83+021453.04_N708,Leauthaud,Merian,150.17016447769300,2020B-0288,2.2480671856875200,900,1,FALSE
COSMOS_J100011.17+021433.30_N540,--,N540,40,24,S2021A,object,COSMOS_J100011.17+021433.30_N708,Leauthaud,Merian,150.04654448362900,2020B-0288,2.242583504562600,900,1,FALSE
COSMOS_J100035.23+021317.07_N540,--,N540,40,25,S2021A,object,COSMOS_J100035.23+021317.07_N708,Leauthaud,Merian,150.14683276055600,2020B-0288,2.221408571097220,900,1,FALSE
COSMOS_J100004.94+021704.75_N540,--,N540,40,26,S2021A,object,COSMOS_J100004.94+021704.75_N708,Leauthaud,Merian,150.02061705317400,2020B-0288,2.2846544870028800,900,1,FALSE
COSMOS_J100018.34+021403.73_N540,--,N540,40,27,S2021A,object,COSMOS_J100018.34+021403.73_N708,Leauthaud,Merian,150.076434631369,2020B-0288,2.2343696940788000,900,1,FALSE
COSMOS_J100040.12+021303.97_N540,--,N540,40,28,S2021A,object,COSMOS_J100040.12+021303.97_N708,Leauthaud,Merian,150.16718960334500,2020B-0288,2.2177694631077500,900,1,FALSE
COSMOS_J100035.26+020855.38_N540,--,N540,40,29,S2021A,object,COSMOS_J100035.26+020855.38_N708,Leauthaud,Merian,150.14693734636800,2020B-0288,2.1487187820687500,900,1,FALSE
COSMOS_J100047.02+020832.20_N540,--,N540,40,30,S2021A,object,COSMOS_J100047.02+020832.20_N708,Leauthaud,Merian,150.19592292538800,2020B-0288,2.1422788919239300,900,1,FALSE
COSMOS_J100046.17+020922.59_N540,--,N540,40,31,S2021A,object,COSMOS_J100046.17+020922.59_N708,Leauthaud,Merian,150.19237493319400,2020B-0288,2.156275746615410,900,1,FALSE
COSMOS_J100030.24+021054.46_N540,--,N540,40,32,S2021A,object,COSMOS_J100030.24+021054.46_N708,Leauthaud,Merian,150.12603914225100,2020B-0288,2.181795609333790,900,1,FALSE
COSMOS_J100046.95+020956.18_N540,--,N540,40,33,S2021A,object,COSMOS_J100046.95+020956.18_N708,Leauthaud,Merian,150.19566208486100,2020B-0288,2.1656078506065000,900,1,FALSE
COSMOS_J100036.21+021719.96_N540,--,N540,40,34,S2021A,object,COSMOS_J100036.21+021719.96_N708,Leauthaud,Merian,150.1509093761620,2020B-0288,2.288879157834520,900,1,FALSE
COSMOS_J100036.94+021053.17_N540,--,N540,40,35,S2021A,object,COSMOS_J100036.94+021053.17_N708,Leauthaud,Merian,150.15392316432000,2020B-0288,2.1814382040937100,900,1,FALSE
COSMOS_J100028.65+021728.23_N540,--,N540,40,36,S2021A,object,COSMOS_J100028.65+021728.23_N708,Leauthaud,Merian,150.11939105478900,2020B-0288,2.291175644354060,900,1,FALSE
COSMOS_J100039.15+020723.10_N540,--,N540,40,37,S2021A,object,COSMOS_J100039.15+020723.10_N708,Leauthaud,Merian,150.16313002082800,2020B-0288,2.123084567519570,900,1,FALSE
COSMOS_J100039.87+021331.51_N540,--,N540,40,38,S2021A,object,COSMOS_J100039.87+021331.51_N708,Leauthaud,Merian,150.16616303939000,2020B-0288,2.225421209991720,900,1,FALSE
COSMOS_J100031.85+021756.84_N540,--,N540,40,39,S2021A,object,COSMOS_J100031.85+021756.84_N708,Leauthaud,Merian,150.13274391804500,2020B-0288,2.2991241877719000,900,1,FALSE
COSMOS_J100012.50+020734.61_N540,--,N540,40,40,S2021A,object,COSMOS_J100012.50+020734.61_N708,Leauthaud,Merian,150.05210238168100,2020B-0288,2.1262805885899600,900,1,FALSE