,comment,filter,seqtot,seqnum,seqid,expType,object,proposer,program,RA,propid,dec,expTime,count
136,--,N708,512,137,S2021A,object,GAMA_J111156.69-005841.16_N70,LeathaudGreene,Merian,167.98622339328952,2020B-0288,-0.978101883300309,600.0,1
137,--,N708,512,138,S2021A,object,GAMA_J111306.63-010338.56_N70,LeathaudGreene,Merian,168.2776627746453,2020B-0288,-1.0607115632220356,600.0,1
138,--,N708,512,139,S2021A,object,GAMA_J111417.26-010639.01_N70,LeathaudGreene,Merian,168.57192330959003,2020B-0288,-1.1108371063616318,600.0,1
139,--,N708,512,140,S2021A,object,GAMA_J111527.88-010939.72_N70,LeathaudGreene,Merian,168.86618496267144,2020B-0288,-1.1610351112337165,600.0,1
149,--,N708,512,150,S2021A,object,GAMA_J105509.78+002637.58_N70,LeathaudGreene,Merian,163.7907886545849,2020B-0288,0.4437734661120301,600.0,1
150,--,N708,512,151,S2021A,object,GAMA_J105620.44+002338.93_N70,LeathaudGreene,Merian,164.08519475116526,2020B-0288,0.3941499817952413,600.0,1
156,--,N708,512,157,S2021A,object,GAMA_J104654.86+003254.35_N70,LeathaudGreene,Merian,161.72860052944668,2020B-0288,0.548430856814389,600.0,1
157,--,N708,512,158,S2021A,object,GAMA_J104804.90+002803.41_N70,LeathaudGreene,Merian,162.02043749600296,2020B-0288,0.4676149497717837,600.0,1
158,--,N708,512,159,S2021A,object,GAMA_J104915.56+002505.78_N70,LeathaudGreene,Merian,162.31485891384082,2020B-0288,0.418273474763351,600.0,1
159,--,N708,512,160,S2021A,object,GAMA_J105026.22+002207.69_N70,LeathaudGreene,Merian,162.60926329654737,2020B-0288,0.36880442565691135,600.0,1
160,--,N708,512,161,S2021A,object,GAMA_J103953.32+003406.56_N70,LeathaudGreene,Merian,159.97220769220542,2020B-0288,0.5684891471857226,600.0,1
161,--,N708,512,162,S2021A,object,GAMA_J104103.37+002918.06_N70,LeathaudGreene,Merian,160.26407484539018,2020B-0288,0.4883510145231792,600.0,1
162,--,N708,512,163,S2021A,object,GAMA_J104214.04+002621.60_N70,LeathaudGreene,Merian,160.55851207672777,2020B-0288,0.4393358673010073,600.0,1
163,--,N708,512,164,S2021A,object,GAMA_J104324.70+002324.64_N70,LeathaudGreene,Merian,160.85293088146398,2020B-0288,0.3901779215157528,600.0,1
276,--,N708,512,277,S2021A,object,earlyGAMA_J083758.97-003809.81_N70,LeathaudGreene,Merian,129.4957166881937,2020B-0288,-0.6360589918580801,600.0,1
277,--,N708,512,278,S2021A,object,earlyGAMA_J083908.79-004135.82_N70,LeathaudGreene,Merian,129.78666364273218,2020B-0288,-0.6932858747487788,600.0,1
278,--,N708,512,279,S2021A,object,earlyGAMA_J084019.33-004347.08_N70,LeathaudGreene,Merian,130.0805778549537,2020B-0288,-0.7297471252079492,600.0,1
279,--,N708,512,280,S2021A,object,earlyGAMA_J084129.87-004559.69_N70,LeathaudGreene,Merian,130.37446941189802,2020B-0288,-0.7665819202431109,600.0,1
280,--,N708,512,281,S2021A,object,earlyGAMA_J084418.40-003925.58_N70,LeathaudGreene,Merian,131.07667726616478,2020B-0288,-0.657106361921821,600.0,1
281,--,N708,512,282,S2021A,object,earlyGAMA_J084528.22-004257.55_N70,LeathaudGreene,Merian,131.36762021609474,2020B-0288,-0.7159878563342104,600.0,1
282,--,N708,512,283,S2021A,object,earlyGAMA_J084638.76-004512.21_N70,LeathaudGreene,Merian,131.66153346695046,2020B-0288,-0.7533921404185677,600.0,1
283,--,N708,512,284,S2021A,object,earlyGAMA_J084749.30-004728.17_N70,LeathaudGreene,Merian,131.95542444883185,2020B-0288,-0.7911600770690053,600.0,1
284,--,N708,512,285,S2021A,object,earlyGAMA_J084111.14+005914.51_N70,LeathaudGreene,Merian,130.29645324127887,2020B-0288,0.9873640484137997,600.0,1
285,--,N708,512,286,S2021A,object,earlyGAMA_J084221.38+005545.45_N70,LeathaudGreene,Merian,130.58910802524514,2020B-0288,0.929292706132253,600.0,1
286,--,N708,512,287,S2021A,object,earlyGAMA_J084332.15+005332.45_N70,LeathaudGreene,Merian,130.88399621354978,2020B-0288,0.8923489959365577,600.0,1
287,--,N708,512,288,S2021A,object,earlyGAMA_J084442.92+005118.13_N70,LeathaudGreene,Merian,131.1788516949233,2020B-0288,0.8550361580038565,600.0,1
288,--,N708,512,289,S2021A,object,GAMA_J083742.61+023654.55_N70,LeathaudGreene,Merian,129.4275820808986,2020B-0288,2.6151547584095107,600.0,1
289,--,N708,512,290,S2021A,object,GAMA_J083853.27+023328.79_N70,LeathaudGreene,Merian,129.72198188055708,2020B-0288,2.5579983398792296,600.0,1
290,--,N708,512,291,S2021A,object,GAMA_J084004.28+023117.67_N70,LeathaudGreene,Merian,130.01786710190217,2020B-0288,2.5215756705753543,600.0,1
291,--,N708,512,292,S2021A,object,GAMA_J084115.29+022905.20_N70,LeathaudGreene,Merian,130.31370952578234,2020B-0288,2.4847778877352984,600.0,1
292,--,N708,512,293,S2021A,object,earlyGAMA_J085038.55-004039.69_N70,LeathaudGreene,Merian,132.66065096861132,2020B-0288,-0.6776920045063252,600.0,1
293,--,N708,512,294,S2021A,object,GAMA_J085148.38-004417.47_N70,LeathaudGreene,Merian,132.9515922179059,2020B-0288,-0.7381863083020479,600.0,1
294,--,N708,512,295,S2021A,object,GAMA_J085258.92-004635.42_N70,LeathaudGreene,Merian,133.24550599182473,2020B-0288,-0.7765068665496555,600.0,1
295,--,N708,512,296,S2021A,object,GAMA_J085409.45-004854.65_N70,LeathaudGreene,Merian,133.53939795180787,2020B-0288,-0.8151808897214483,600.0,1
296,--,N708,512,297,S2021A,object,GAMA_J084730.93+005752.35_N70,LeathaudGreene,Merian,131.87887655560078,2020B-0288,0.9645421580266264,600.0,1
297,--,N708,512,298,S2021A,object,GAMA_J084841.15+005417.41_N70,LeathaudGreene,Merian,132.1714800610029,2020B-0288,0.904837312779514,600.0,1
298,--,N708,512,299,S2021A,object,GAMA_J084951.92+005201.07_N70,LeathaudGreene,Merian,132.4663374076271,2020B-0288,0.8669641332085791,600.0,1
299,--,N708,512,300,S2021A,object,GAMA_J085102.67+004943.43_N70,LeathaudGreene,Merian,132.76116219608141,2020B-0288,0.8287319032757768,600.0,1
300,--,N708,512,301,S2021A,object,GAMA_J084407.09+023552.06_N70,LeathaudGreene,Merian,131.0295689143129,2020B-0288,2.5977959908759534,600.0,1
301,--,N708,512,302,S2021A,object,GAMA_J084517.73+023220.26_N70,LeathaudGreene,Merian,131.32387661483182,2020B-0288,2.5389614191396466,600.0,1
302,--,N708,512,303,S2021A,object,GAMA_J084628.72+023005.69_N70,LeathaudGreene,Merian,131.61970457341843,2020B-0288,2.5015822851463545,600.0,1
303,--,N708,512,304,S2021A,object,GAMA_J084739.71+022749.81_N70,LeathaudGreene,Merian,131.91548951492462,2020B-0288,2.4638381194561187,600.0,1
304,--,N708,512,305,S2021A,object,GAMA_J084018.35+041144.10_N70,LeathaudGreene,Merian,130.07648217438813,2020B-0288,4.195584695310208,600.0,1
305,--,N708,512,306,S2021A,object,GAMA_J084129.40+040815.87_N70,LeathaudGreene,Merian,130.37251793288806,2020B-0288,4.137742187937001,600.0,1
306,--,N708,512,307,S2021A,object,GAMA_J084240.64+040603.33_N70,LeathaudGreene,Merian,130.66933378909997,2020B-0288,4.1009273330636615,600.0,1
307,--,N708,512,308,S2021A,object,GAMA_J084351.86+040349.46_N70,LeathaudGreene,Merian,130.96609666791701,2020B-0288,4.063740865026667,600.0,1
308,--,N708,512,309,S2021A,object,GAMA_J085659.67-004152.11_N70,LeathaudGreene,Merian,134.24863794734637,2020B-0288,-0.6978097873682602,600.0,1
309,--,N708,512,310,S2021A,object,GAMA_J085809.49-004535.54_N70,LeathaudGreene,Merian,134.5395798195197,2020B-0288,-0.7598745797309259,600.0,1
310,--,N708,512,311,S2021A,object,GAMA_J085920.03-004756.70_N70,LeathaudGreene,Merian,134.83349560956026,2020B-0288,-0.7990843378048922,600.0,1
311,--,N708,512,312,S2021A,object,GAMA_J090030.57-005019.09_N70,LeathaudGreene,Merian,135.12739010878826,2020B-0288,-0.8386370769818108,600.0,1
312,--,N708,512,313,S2021A,object,GAMA_J085351.43+005631.88_N70,LeathaudGreene,Merian,133.46429716450294,2020B-0288,0.9421915852274384,600.0,1
313,--,N708,512,314,S2021A,object,GAMA_J085501.64+005251.22_N70,LeathaudGreene,Merian,133.75685046286168,2020B-0288,0.8808958100143832,600.0,1
314,--,N708,512,315,S2021A,object,GAMA_J085612.40+005031.63_N70,LeathaudGreene,Merian,134.05167775204387,2020B-0288,0.8421203668987136,600.0,1
315,--,N708,512,316,S2021A,object,GAMA_J085723.15+004810.78_N70,LeathaudGreene,Merian,134.34647270820534,2020B-0288,0.8029962428801174,600.0,1
316,--,N708,512,317,S2021A,object,GAMA_J085030.35+023433.65_N70,LeathaudGreene,Merian,132.6264722335313,2020B-0288,2.576015302731832,600.0,1
317,--,N708,512,318,S2021A,object,GAMA_J085140.96+023055.99_N70,LeathaudGreene,Merian,132.92068262123473,2020B-0288,2.5155536745452323,600.0,1
318,--,N708,512,319,S2021A,object,GAMA_J085251.94+022838.10_N70,LeathaudGreene,Merian,133.2164505347117,2020B-0288,2.4772501904196345,600.0,1
319,--,N708,512,320,S2021A,object,GAMA_J085402.92+022618.93_N70,LeathaudGreene,Merian,133.51217532924446,2020B-0288,2.4385920078884267,600.0,1
320,--,N708,512,321,S2021A,object,GAMA_J084649.45+041117.03_N70,LeathaudGreene,Merian,131.70605398013893,2020B-0288,4.188066080119199,600.0,1
321,--,N708,512,322,S2021A,object,GAMA_J084800.47+040742.72_N70,LeathaudGreene,Merian,132.00195955429456,2020B-0288,4.128535759939462,600.0,1
322,--,N708,512,323,S2021A,object,GAMA_J084911.68+040526.73_N70,LeathaudGreene,Merian,132.29869336956068,2020B-0288,4.090760242374234,600.0,1
323,--,N708,512,324,S2021A,object,GAMA_J085022.88+040309.44_N70,LeathaudGreene,Merian,132.5953736682863,2020B-0288,4.0526235187878425,600.0,1
324,--,N708,512,325,S2021A,object,GAMA_J090321.75-004302.78_N70,LeathaudGreene,Merian,135.8406383435916,2020B-0288,-0.7174402622984495,600.0,1
325,--,N708,512,326,S2021A,object,GAMA_J090431.58-004651.71_N70,LeathaudGreene,Merian,136.1315831779051,2020B-0288,-0.7810316593135497,600.0,1
326,--,N708,512,327,S2021A,object,GAMA_J090542.12-004915.96_N70,LeathaudGreene,Merian,136.42550248223696,2020B-0288,-0.821102634056803,600.0,1
327,--,N708,512,328,S2021A,object,GAMA_J090652.65-005141.42_N70,LeathaudGreene,Merian,136.71940108586338,2020B-0288,-0.8615058158383699,600.0,1
328,--,N708,512,329,S2021A,object,GAMA_J090012.88+005509.54_N70,LeathaudGreene,Merian,135.05370289782238,2020B-0288,0.919318602512846,600.0,1
329,--,N708,512,330,S2021A,object,GAMA_J090123.08+005123.31_N70,LeathaudGreene,Merian,135.34620612171824,2020B-0288,0.8564750044221223,600.0,1
330,--,N708,512,331,S2021A,object,GAMA_J090233.84+004900.56_N70,LeathaudGreene,Merian,135.641003605867,2020B-0288,0.8168248271845666,600.0,1
331,--,N708,512,332,S2021A,object,GAMA_J090344.58+004636.61_N70,LeathaudGreene,Merian,135.93576906463767,2020B-0288,0.7768366311750744,600.0,1
332,--,N708,512,333,S2021A,object,GAMA_J085653.84+023313.49_N70,LeathaudGreene,Merian,134.22434402440746,2020B-0288,2.5537485441854093,600.0,1
333,--,N708,512,334,S2021A,object,GAMA_J085804.42+022930.14_N70,LeathaudGreene,Merian,134.51845594601065,2020B-0288,2.4917058773074183,600.0,1
334,--,N708,512,335,S2021A,object,GAMA_J085915.39+022709.02_N70,LeathaudGreene,Merian,134.81416333744122,2020B-0288,2.4525072580611478,600.0,1
335,--,N708,512,336,S2021A,object,GAMA_J090026.35+022446.67_N70,LeathaudGreene,Merian,135.1098275995951,2020B-0288,2.412964553630159,600.0,1
336,--,N708,512,337,S2021A,object,GAMA_J085318.35+041023.52_N70,LeathaudGreene,Merian,133.32648633389684,2020B-0288,4.173201006373399,600.0,1
337,--,N708,512,338,S2021A,object,GAMA_J085429.34+040643.34_N70,LeathaudGreene,Merian,133.62225219583777,2020B-0288,4.112040085559487,600.0,1
338,--,N708,512,339,S2021A,object,GAMA_J085540.53+040424.02_N70,LeathaudGreene,Merian,133.91889874345853,2020B-0288,4.073339591235547,600.0,1
339,--,N708,512,340,S2021A,object,GAMA_J085651.71+040203.43_N70,LeathaudGreene,Merian,134.21549138332375,2020B-0288,4.034288529269326,600.0,1
340,--,N708,512,341,S2021A,object,GAMA_J090945.03-004411.67_N70,LeathaudGreene,Merian,137.43765227070367,2020B-0288,-0.7365759579834422,600.0,1
341,--,N708,512,342,S2021A,object,GAMA_J091054.86-004805.93_N70,LeathaudGreene,Merian,137.72860241899608,2020B-0288,-0.8016494427566292,600.0,1
342,--,N708,512,343,S2021A,object,GAMA_J091205.40-005033.19_N70,LeathaudGreene,Merian,138.02252673981266,2020B-0288,-0.8425532662480577,600.0,1
343,--,N708,512,344,S2021A,object,GAMA_J091315.94-005301.60_N70,LeathaudGreene,Merian,138.3164310161188,2020B-0288,-0.8837782317139067,600.0,1
344,--,N708,512,345,S2021A,object,GAMA_J090635.54+005348.94_N70,LeathaudGreene,Merian,136.64810692615896,2020B-0288,0.8969304900540935,600.0,1
345,--,N708,512,346,S2021A,object,GAMA_J090745.73+004957.29_N70,LeathaudGreene,Merian,136.940561245525,2020B-0288,0.8325827857861037,600.0,1
346,--,N708,512,347,S2021A,object,GAMA_J090856.47+004731.50_N70,LeathaudGreene,Merian,137.23532976392985,2020B-0288,0.7920857748767792,600.0,1
347,--,N708,512,348,S2021A,object,GAMA_J091007.21+004504.54_N70,LeathaudGreene,Merian,137.53006663988432,2020B-0288,0.7512617005123448,600.0,1
348,--,N708,512,349,S2021A,object,GAMA_J090317.55+023144.44_N70,LeathaudGreene,Merian,135.82316182175748,2020B-0288,2.5290126100722907,600.0,1
349,--,N708,512,350,S2021A,object,GAMA_J090428.12+022755.57_N70,LeathaudGreene,Merian,136.1171724015416,2020B-0288,2.4654362603234508,600.0,1
350,--,N708,512,351,S2021A,object,GAMA_J090539.07+022531.34_N70,LeathaudGreene,Merian,136.41281783095135,2020B-0288,2.425372484818312,600.0,1
351,--,N708,512,352,S2021A,object,GAMA_J090650.02+022305.91_N70,LeathaudGreene,Merian,136.70842022554578,2020B-0288,2.3849755097730685,600.0,1
352,--,N708,512,353,S2021A,object,GAMA_J085946.03+040910.61_N70,LeathaudGreene,Merian,134.9418097820799,2020B-0288,4.152947473738196,600.0,1
353,--,N708,512,354,S2021A,object,GAMA_J090056.98+040524.75_N70,LeathaudGreene,Merian,135.2374288192408,2020B-0288,4.090209777473338,600.0,1
354,--,N708,512,355,S2021A,object,GAMA_J090208.15+040302.22_N70,LeathaudGreene,Merian,135.53398426461368,2020B-0288,4.050618027015133,600.0,1
355,--,N708,512,356,S2021A,object,GAMA_J090319.31+040038.47_N70,LeathaudGreene,Merian,135.83048554635295,2020B-0288,4.010686591506057,600.0,1
356,--,N708,512,357,S2021A,object,GAMA_J091609.76-004518.74_N70,LeathaudGreene,Merian,139.04067983401566,2020B-0288,-0.7552081406383654,600.0,1
357,--,N708,512,358,S2021A,object,GAMA_J091719.59-004918.18_N70,LeathaudGreene,Merian,139.33163765914466,2020B-0288,-0.8217184544474808,600.0,1
358,--,N708,512,359,S2021A,object,GAMA_J091830.13-005148.33_N70,LeathaudGreene,Merian,139.62556850157608,2020B-0288,-0.863426306882704,600.0,1
359,--,N708,512,360,S2021A,object,GAMA_J091940.67-005419.59_N70,LeathaudGreene,Merian,139.91948002081065,2020B-0288,-0.9054439441743768,600.0,1
360,--,N708,512,361,S2021A,object,GAMA_J091259.63+005226.52_N70,LeathaudGreene,Merian,138.2484977648482,2020B-0288,0.8740359325746659,600.0,1
361,--,N708,512,362,S2021A,object,GAMA_J091409.81+004829.62_N70,LeathaudGreene,Merian,138.5409034700796,2020B-0288,0.8082285811155285,600.0,1
362,--,N708,512,363,S2021A,object,GAMA_J091520.55+004600.88_N70,LeathaudGreene,Merian,138.83564336751348,2020B-0288,0.7669130894143786,600.0,1
363,--,N708,512,364,S2021A,object,GAMA_J091631.28+004331.01_N70,LeathaudGreene,Merian,139.1303520870234,2020B-0288,0.7252817839750575,600.0,1
364,--,N708,512,365,S2021A,object,GAMA_J090942.22+023013.63_N70,LeathaudGreene,Merian,137.42595125621597,2020B-0288,2.50378829468486,600.0,1
365,--,N708,512,366,S2021A,object,GAMA_J091052.76+022619.40_N70,LeathaudGreene,Merian,137.7198596205756,2020B-0288,2.438724136646876,600.0,1
366,--,N708,512,367,S2021A,object,GAMA_J091203.70+022352.16_N70,LeathaudGreene,Merian,138.0154427807493,2020B-0288,2.397824362175391,600.0,1
367,--,N708,512,368,S2021A,object,GAMA_J091314.63+022123.76_N70,LeathaudGreene,Merian,138.31098309162437,2020B-0288,2.3566025588065203,600.0,1
368,--,N708,512,369,S2021A,object,GAMA_J090613.68+040741.72_N70,LeathaudGreene,Merian,136.55703894892406,2020B-0288,4.128256272643563,600.0,1
369,--,N708,512,370,S2021A,object,GAMA_J090724.60+040350.37_N70,LeathaudGreene,Merian,136.85250519990714,2020B-0288,4.063991749267179,600.0,1
370,--,N708,512,371,S2021A,object,GAMA_J090835.75+040124.74_N70,LeathaudGreene,Merian,137.14896636886832,2020B-0288,4.023540254973627,600.0,1
371,--,N708,512,372,S2021A,object,GAMA_J090946.88+035857.93_N70,LeathaudGreene,Merian,137.4453732471886,2020B-0288,3.9827602254406913,600.0,1
372,--,N708,512,373,S2021A,object,GAMA_J092236.17-004623.97_N70,LeathaudGreene,Merian,140.6507211295329,2020B-0288,-0.7733267327496111,600.0,1
373,--,N708,512,374,S2021A,object,GAMA_J092346.00-005028.41_N70,LeathaudGreene,Merian,140.94168900356112,2020B-0288,-0.8412277599352525,600.0,1
374,--,N708,512,375,S2021A,object,GAMA_J092456.55-005301.35_N70,LeathaudGreene,Merian,141.2356278744071,2020B-0288,-0.8837102990066219,600.0,1
375,--,N708,512,376,S2021A,object,GAMA_J092607.09-005535.36_N70,LeathaudGreene,Merian,141.52954820743457,2020B-0288,-0.9264909724586616,600.0,1
376,--,N708,512,377,S2021A,object,GAMA_J091925.17+005102.36_N70,LeathaudGreene,Merian,139.8548769926934,2020B-0288,0.8506561212501939,600.0,1
377,--,N708,512,378,S2021A,object,GAMA_J092035.33+004700.36_N70,LeathaudGreene,Merian,140.14723451241818,2020B-0288,0.7834352885977431,600.0,1
378,--,N708,512,379,S2021A,object,GAMA_J092146.06+004428.79_N70,LeathaudGreene,Merian,140.4419462157179,2020B-0288,0.7413306647524704,600.0,1
379,--,N708,512,380,S2021A,object,GAMA_J092256.79+004156.11_N70,LeathaudGreene,Merian,140.73662728647042,2020B-0288,0.6989217652926712,600.0,1
380,--,N708,512,381,S2021A,object,GAMA_J091608.08+022837.50_N70,LeathaudGreene,Merian,139.033702120104,2020B-0288,2.4770835048581747,600.0,1
381,--,N708,512,382,S2021A,object,GAMA_J091718.60+022438.08_N70,LeathaudGreene,Merian,139.32750662604292,2020B-0288,2.410578080293809,600.0,1
382,--,N708,512,383,S2021A,object,GAMA_J091829.52+022207.93_N70,LeathaudGreene,Merian,139.62302678456916,2020B-0288,2.3688718675792546,600.0,1
383,--,N708,512,384,S2021A,object,GAMA_J091940.44+021936.67_N70,LeathaudGreene,Merian,139.91850437708737,2020B-0288,2.326855082005716,600.0,1
384,--,N708,512,385,S2021A,object,GAMA_J091241.32+040604.11_N70,LeathaudGreene,Merian,138.17220407072278,2020B-0288,4.101142840015036,600.0,1
385,--,N708,512,386,S2021A,object,GAMA_J091352.20+040207.44_N70,LeathaudGreene,Merian,138.46751396693338,2020B-0288,4.035402613764674,600.0,1
386,--,N708,512,387,S2021A,object,GAMA_J091503.33+035938.84_N70,LeathaudGreene,Merian,138.76387905946322,2020B-0288,3.9941235482393305,600.0,1
387,--,N708,512,388,S2021A,object,GAMA_J091614.44+035709.09_N70,LeathaudGreene,Merian,139.06018984969288,2020B-0288,3.952527354893765,600.0,1
388,--,N708,512,389,S2021A,object,GAMA_J092904.74-004727.35_N70,LeathaudGreene,Merian,142.26977628050722,2020B-0288,-0.7909309137015524,600.0,1
389,--,N708,512,390,S2021A,object,GAMA_J093014.58-005136.63_N70,LeathaudGreene,Merian,142.5607565909645,2020B-0288,-0.8601763739333592,600.0,1
390,--,N708,512,391,S2021A,object,GAMA_J093125.12-005412.25_N70,LeathaudGreene,Merian,142.8547050035501,2020B-0288,-0.9034041105217816,600.0,1
391,--,N708,512,392,S2021A,object,GAMA_J093235.67-005648.90_N70,LeathaudGreene,Merian,143.14863572714947,2020B-0288,-0.9469180287027206,600.0,1
392,--,N708,512,393,S2021A,object,GAMA_J092552.62+004940.04_N70,LeathaudGreene,Merian,141.46925640380556,2020B-0288,0.8277903389977285,600.0,1
393,--,N708,512,394,S2021A,object,GAMA_J092702.77+004533.12_N70,LeathaudGreene,Merian,141.76156708176455,2020B-0288,0.7592022161300954,600.0,1
394,--,N708,512,395,S2021A,object,GAMA_J092813.50+004258.81_N70,LeathaudGreene,Merian,142.05625152829376,2020B-0288,0.7163378693663934,600.0,1
395,--,N708,512,396,S2021A,object,GAMA_J092924.21+004023.45_N70,LeathaudGreene,Merian,142.35090596083612,2020B-0288,0.6731810818350138,600.0,1
396,--,N708,512,397,S2021A,object,GAMA_J092235.62+022659.62_N70,LeathaudGreene,Merian,140.64842719021905,2020B-0288,2.4498962221451923,600.0,1
397,--,N708,512,398,S2021A,object,GAMA_J092346.11+022255.18_N70,LeathaudGreene,Merian,140.94212719492572,2020B-0288,2.3819959810851064,600.0,1
398,--,N708,512,399,S2021A,object,GAMA_J092457.02+022022.24_N70,LeathaudGreene,Merian,141.23758418344536,2020B-0288,2.339512878355735,600.0,1
399,--,N708,512,400,S2021A,object,GAMA_J092607.91+021748.23_N70,LeathaudGreene,Merian,141.5329989796991,2020B-0288,2.2967309518925587,600.0,1
400,--,N708,512,401,S2021A,object,GAMA_J091910.15+040417.63_N70,LeathaudGreene,Merian,139.79230448520082,2020B-0288,4.071565980430498,600.0,1
401,--,N708,512,402,S2021A,object,GAMA_J092020.98+040015.83_N70,LeathaudGreene,Merian,140.08745440359792,2020B-0288,4.004398017824943,600.0,1
402,--,N708,512,403,S2021A,object,GAMA_J092132.09+035744.35_N70,LeathaudGreene,Merian,140.3837215851559,2020B-0288,3.9623217982366343,600.0,1
403,--,N708,512,404,S2021A,object,GAMA_J092243.18+035511.78_N70,LeathaudGreene,Merian,140.67993456793837,2020B-0288,3.919940142908264,600.0,1
404,--,N708,512,405,S2021A,object,GAMA_J093535.24-004828.74_N70,LeathaudGreene,Merian,143.8968452907043,2020B-0288,-0.8079859259939982,600.0,1
405,--,N708,512,406,S2021A,object,GAMA_J093645.08-005242.69_N70,LeathaudGreene,Merian,144.1878404142976,2020B-0288,-0.8785267721784201,600.0,1
406,--,N708,512,407,S2021A,object,GAMA_J093755.63-005520.88_N70,LeathaudGreene,Merian,144.48179986858509,2020B-0288,-0.9224686224247834,600.0,1
407,--,N708,512,408,S2021A,object,GAMA_J093906.17-005800.06_N70,LeathaudGreene,Merian,144.77574254385598,2020B-0288,-0.9666844122910174,600.0,1
408,--,N708,512,409,S2021A,object,GAMA_J093221.99+004816.06_N70,LeathaudGreene,Merian,143.09162599719602,2020B-0288,0.8044619507958994,600.0,1
409,--,N708,512,410,S2021A,object,GAMA_J093332.13+004404.39_N70,LeathaudGreene,Merian,143.38389041916167,2020B-0288,0.7345546237335221,600.0,1
410,--,N708,512,411,S2021A,object,GAMA_J093442.85+004127.45_N70,LeathaudGreene,Merian,143.6785481263127,2020B-0288,0.6909610725980272,600.0,1
411,--,N708,512,412,S2021A,object,GAMA_J093553.56+003849.51_N70,LeathaudGreene,Merian,143.97317651729298,2020B-0288,0.6470872065219352,600.0,1
412,--,N708,512,413,S2021A,object,GAMA_J092904.58+022516.53_N70,LeathaudGreene,Merian,142.26911854902391,2020B-0288,2.4212595046957683,600.0,1
413,--,N708,512,414,S2021A,object,GAMA_J093015.05+022107.24_N70,LeathaudGreene,Merian,142.56271283088924,2020B-0288,2.35201351634866,600.0,1
414,--,N708,512,415,S2021A,object,GAMA_J093125.94+021831.62_N70,LeathaudGreene,Merian,142.85810617256197,2020B-0288,2.3087845752925427,600.0,1
415,--,N708,512,416,S2021A,object,GAMA_J093236.82+021554.96_N70,LeathaudGreene,Merian,143.15345779261327,2020B-0288,2.265268839041404,600.0,1
416,--,N708,512,417,S2021A,object,GAMA_J094208.38-004928.19_N70,LeathaudGreene,Merian,145.5349283011994,2020B-0288,-0.8244981343288896,600.0,1
417,--,N708,512,418,S2021A,object,GAMA_J094318.22-005346.62_N70,LeathaudGreene,Merian,145.82594063438322,2020B-0288,-0.8962856719417199,600.0,1
418,--,N708,512,419,S2021A,object,GAMA_J094428.77-005627.27_N70,LeathaudGreene,Merian,146.1199126402577,2020B-0288,-0.9409106746642012,600.0,1
419,--,N708,512,420,S2021A,object,GAMA_J094539.32-005908.86_N70,LeathaudGreene,Merian,146.41386883793845,2020B-0288,-0.9857970690864224,600.0,1
420,--,N708,512,421,S2021A,object,GAMA_J093853.75+004650.42_N70,LeathaudGreene,Merian,144.72398674330998,2020B-0288,0.7806740598567053,600.0,1
421,--,N708,512,422,S2021A,object,GAMA_J094003.88+004234.18_N70,LeathaudGreene,Merian,145.0162055831896,2020B-0288,0.7094959698317161,600.0,1
422,--,N708,512,423,S2021A,object,GAMA_J094114.60+003954.73_N70,LeathaudGreene,Merian,145.31083712036036,2020B-0288,0.6652039951825514,600.0,1
423,--,N708,512,424,S2021A,object,GAMA_J094225.30+003714.31_N70,LeathaudGreene,Merian,145.6054401180229,2020B-0288,0.6206441314133089,600.0,1
424,--,N708,512,425,S2021A,object,GAMA_J093535.70+022328.18_N70,LeathaudGreene,Merian,143.89877729043494,2020B-0288,2.391163534451123,600.0,1
425,--,N708,512,426,S2021A,object,GAMA_J093646.14+021914.23_N70,LeathaudGreene,Merian,144.19226472981103,2020B-0288,2.320620213320405,600.0,1
426,--,N708,512,427,S2021A,object,GAMA_J093757.02+021636.03_N70,LeathaudGreene,Merian,144.4875940097234,2020B-0288,2.276676176196949,600.0,1
427,--,N708,512,428,S2021A,object,GAMA_J093907.89+021356.84_N70,LeathaudGreene,Merian,144.7828821356529,2020B-0288,2.2324576675331684,600.0,1
428,--,N708,512,429,S2021A,object,GAMA_J094843.92-005025.55_N70,LeathaudGreene,Merian,147.18302524866775,2020B-0288,-0.8404311412134573,600.0,1
429,--,N708,512,430,S2021A,object,GAMA_J094953.77-005448.28_N70,LeathaudGreene,Merian,147.47405716496633,2020B-0288,-0.9134137765220264,600.0,1
430,--,N708,512,431,S2021A,object,GAMA_J095104.33-005731.28_N70,LeathaudGreene,Merian,147.76804321096736,2020B-0288,-0.9586892985065326,600.0,1
431,--,N708,512,432,S2021A,object,GAMA_J095214.88-010015.16_N70,LeathaudGreene,Merian,148.06201447771576,2020B-0288,-1.0042133718991808,600.0,1
432,--,N708,512,433,S2021A,object,GAMA_J094527.92+004523.22_N70,LeathaudGreene,Merian,146.36634035237824,2020B-0288,0.7564523332451195,600.0,1
433,--,N708,512,434,S2021A,object,GAMA_J094638.04+004102.59_N70,LeathaudGreene,Merian,146.65851442399955,2020B-0288,0.6840540028022899,600.0,1
434,--,N708,512,435,S2021A,object,GAMA_J094748.74+003820.74_N70,LeathaudGreene,Merian,146.95312044229462,2020B-0288,0.6390956064396589,600.0,1
435,--,N708,512,436,S2021A,object,GAMA_J094859.44+003537.97_N70,LeathaudGreene,Merian,147.24769877518517,2020B-0288,0.5938820407661709,600.0,1
436,--,N708,512,437,S2021A,object,GAMA_J094208.98+022138.27_N70,LeathaudGreene,Merian,145.5374166998944,2020B-0288,2.3606327804281833,600.0,1
437,--,N708,512,438,S2021A,object,GAMA_J094319.39+021719.83_N70,LeathaudGreene,Merian,145.8307972078868,2020B-0288,2.288842513361728,600.0,1
438,--,N708,512,439,S2021A,object,GAMA_J094430.25+021439.17_N70,LeathaudGreene,Merian,146.12606259104734,2020B-0288,2.244215276738998,600.0,1
439,--,N708,512,440,S2021A,object,GAMA_J094541.10+021157.57_N70,LeathaudGreene,Merian,146.42128747631304,2020B-0288,2.1993261809174625,600.0,1
440,--,N708,512,441,S2021A,object,GAMA_J095522.35-005120.79_N70,LeathaudGreene,Merian,148.84313619622958,2020B-0288,-0.8557772835558599,600.0,1
441,--,N708,512,442,S2021A,object,GAMA_J095632.20-005547.64_N70,LeathaudGreene,Merian,149.1341900730124,2020B-0288,-0.9299026818782498,600.0,1
442,--,N708,512,443,S2021A,object,GAMA_J095742.76-005832.86_N70,LeathaudGreene,Merian,149.42819164612717,2020B-0288,-0.9757955943535144,600.0,1
443,--,N708,512,444,S2021A,object,GAMA_J095853.32-010118.92_N70,LeathaudGreene,Merian,149.7221795259057,2020B-0288,-1.0219239162715623,600.0,1
444,--,N708,512,445,S2021A,object,GAMA_J095204.96+004354.49_N70,LeathaudGreene,Merian,148.02068788701274,2020B-0288,0.7318039758974969,600.0,1
445,--,N708,512,446,S2021A,object,GAMA_J095315.07+003929.65_N70,LeathaudGreene,Merian,148.3128180974399,2020B-0288,0.6582366294253791,600.0,1
446,--,N708,512,447,S2021A,object,GAMA_J095425.77+003645.51_N70,LeathaudGreene,Merian,148.60739930246,2020B-0288,0.6126442858482951,600.0,1
447,--,N708,512,448,S2021A,object,GAMA_J095536.46+003400.51_N70,LeathaudGreene,Merian,148.90195375296815,2020B-0288,0.5668097960965963,600.0,1
448,--,N708,512,449,S2021A,object,GAMA_J094844.88+021943.22_N70,LeathaudGreene,Merian,147.18702804724828,2020B-0288,2.3286728796299236,600.0,1
449,--,N708,512,450,S2021A,object,GAMA_J094955.27+021520.47_N70,LeathaudGreene,Merian,147.48030089381118,2020B-0288,2.2556866229090438,600.0,1
450,--,N708,512,451,S2021A,object,GAMA_J095106.12+021237.47_N70,LeathaudGreene,Merian,147.7755021998999,2020B-0288,2.2104084744951145,600.0,1
451,--,N708,512,452,S2021A,object,GAMA_J095216.95+020953.57_N70,LeathaudGreene,Merian,148.0706637598723,2020B-0288,2.164881376953146,600.0,1
452,--,N708,512,453,S2021A,object,GAMA_J100203.90-005213.86_N70,LeathaudGreene,Merian,150.51626113526618,2020B-0288,-0.8705168266688436,600.0,1
453,--,N708,512,454,S2021A,object,GAMA_J100313.76-005644.63_N70,LeathaudGreene,Merian,150.8073393392251,2020B-0288,-0.9457309851085216,600.0,1
454,--,N708,512,455,S2021A,object,GAMA_J100424.32-005931.94_N70,LeathaudGreene,Merian,151.10135791446166,2020B-0288,-0.9922071468747976,600.0,1
455,--,N708,512,456,S2021A,object,GAMA_J100534.88-010220.05_N70,LeathaudGreene,Merian,151.39536393734278,2020B-0288,-1.038905272842864,600.0,1
456,--,N708,512,457,S2021A,object,GAMA_J095844.88+004227.92_N70,LeathaudGreene,Merian,149.68703995580032,2020B-0288,0.7077572307907016,600.0,1
457,--,N708,512,458,S2021A,object,GAMA_J095954.99+003759.06_N70,LeathaudGreene,Merian,149.97912800333998,2020B-0288,0.6330743832425546,600.0,1
458,--,N708,512,459,S2021A,object,GAMA_J100105.68+003512.77_N70,LeathaudGreene,Merian,150.27368553038949,2020B-0288,0.5868819122458652,600.0,1
459,--,N708,512,460,S2021A,object,GAMA_J100216.37+003225.65_N70,LeathaudGreene,Merian,150.56821730071013,2020B-0288,0.5404606151620361,600.0,1
460,--,N708,512,461,S2021A,object,GAMA_J095523.66+021746.68_N70,LeathaudGreene,Merian,148.84862320526727,2020B-0288,2.2963017718172267,600.0,1
461,--,N708,512,462,S2021A,object,GAMA_J095634.02+021319.81_N70,LeathaudGreene,Merian,149.1417885696056,2020B-0288,2.222171992204593,600.0,1
462,--,N708,512,463,S2021A,object,GAMA_J095744.86+021034.59_N70,LeathaudGreene,Merian,149.4369261229293,2020B-0288,2.17627613750324,600.0,1
463,--,N708,512,464,S2021A,object,GAMA_J095855.68+020748.52_N70,LeathaudGreene,Merian,149.73202476882344,2020B-0288,2.130144542843137,600.0,1
464,--,N708,512,465,S2021A,object,GAMA_J100527.93+004059.99_N70,LeathaudGreene,Merian,151.36638834895123,2020B-0288,0.6833321356727867,600.0,1
465,--,N708,512,466,S2021A,object,GAMA_J100638.02+003627.32_N70,LeathaudGreene,Merian,151.65843532192062,2020B-0288,0.6075889934586364,600.0,1
466,--,N708,512,467,S2021A,object,GAMA_J100748.71+003338.99_N70,LeathaudGreene,Merian,151.95296997778544,2020B-0288,0.5608312395123727,600.0,1
467,--,N708,512,468,S2021A,object,GAMA_J100859.39+003049.88_N70,LeathaudGreene,Merian,152.2474799478271,2020B-0288,0.5138582778036639,600.0,1
468,--,N708,512,469,S2021A,object,GAMA_J100205.08+021541.60_N70,LeathaudGreene,Merian,150.52118807879964,2020B-0288,2.2615564886722415,600.0,1
469,--,N708,512,470,S2021A,object,GAMA_J100315.41+021110.81_N70,LeathaudGreene,Merian,150.8142451208415,2020B-0288,2.186338593535806,600.0,1
470,--,N708,512,471,S2021A,object,GAMA_J100426.23+020823.49_N70,LeathaudGreene,Merian,151.10931871656817,2020B-0288,2.139859928650901,600.0,1
471,--,N708,512,472,S2021A,object,GAMA_J100537.04+020535.37_N70,LeathaudGreene,Merian,151.40435434448537,2020B-0288,2.0931590172656622,600.0,1
472,--,N708,512,473,S2021A,object,GAMA_J101214.33+003930.78_N70,LeathaudGreene,Merian,153.0597345721007,2020B-0288,0.6585505331495699,600.0,1
473,--,N708,512,474,S2021A,object,GAMA_J101324.41+003454.49_N70,LeathaudGreene,Merian,153.35174167414294,2020B-0288,0.5818041397399214,600.0,1
474,--,N708,512,475,S2021A,object,GAMA_J101435.10+003204.26_N70,LeathaudGreene,Merian,153.64625433137962,2020B-0288,0.5345170587949754,600.0,1
475,--,N708,512,476,S2021A,object,GAMA_J101545.77+002913.30_N70,LeathaudGreene,Merian,153.9407434450091,2020B-0288,0.48702868767676705,600.0,1
476,--,N708,512,477,S2021A,object,GAMA_J100850.09+021335.15_N70,LeathaudGreene,Merian,152.20874110685315,2020B-0288,2.226431458255837,600.0,1
477,--,N708,512,478,S2021A,object,GAMA_J101000.40+020900.65_N70,LeathaudGreene,Merian,152.50169036752175,2020B-0288,2.1501806519779367,600.0,1
478,--,N708,512,479,S2021A,object,GAMA_J101111.20+020611.35_N70,LeathaudGreene,Merian,152.79670054538803,2020B-0288,2.1031540866347167,600.0,1
479,--,N708,512,480,S2021A,object,GAMA_J101222.00+020321.30_N70,LeathaudGreene,Merian,153.09167377994925,2020B-0288,2.055919077633686,600.0,1
480,--,N708,512,481,S2021A,object,GAMA_J101538.22+021127.50_N70,LeathaudGreene,Merian,153.9092863359039,2020B-0288,2.1909745770161777,600.0,1
481,--,N708,512,482,S2021A,object,GAMA_J101648.51+020649.49_N70,LeathaudGreene,Merian,154.2021286629476,2020B-0288,2.1137498134522863,600.0,1
482,--,N708,512,483,S2021A,object,GAMA_J101759.29+020358.36_N70,LeathaudGreene,Merian,154.49707614316554,2020B-0288,2.0662123880353804,600.0,1
483,--,N708,512,484,S2021A,object,GAMA_J101910.07+020106.53_N70,LeathaudGreene,Merian,154.79198778612042,2020B-0288,2.0184806074934967,600.0,1
484,--,N708,512,485,S2021A,object,GAMA_J102229.95+020911.52_N70,LeathaudGreene,Merian,155.62481042299822,2020B-0288,2.153201346867021,600.0,1
485,--,N708,512,486,S2021A,object,GAMA_J102340.21+020430.22_N70,LeathaudGreene,Merian,155.9175457206029,2020B-0288,2.0750629693893594,600.0,1
486,--,N708,512,487,S2021A,object,GAMA_J102450.98+020137.38_N70,LeathaudGreene,Merian,156.21243074230034,2020B-0288,2.0270526060793843,600.0,1
487,--,N708,512,488,S2021A,object,GAMA_J102601.74+015843.90_N70,LeathaudGreene,Merian,156.50728112956043,2020B-0288,1.9788622703569656,600.0,1
488,--,N708,512,489,S2021A,object,GAMA_J102925.04+020708.94_N70,LeathaudGreene,Merian,157.35436007860736,2020B-0288,2.1191510475999675,600.0,1
489,--,N708,512,490,S2021A,object,GAMA_J103035.27+020224.58_N70,LeathaudGreene,Merian,157.64699157165862,2020B-0288,2.0401624903832887,600.0,1
490,--,N708,512,491,S2021A,object,GAMA_J103146.03+015930.18_N70,LeathaudGreene,Merian,157.94181609591038,2020B-0288,1.9917188825081864,600.0,1
491,--,N708,512,492,S2021A,object,GAMA_J103256.78+015635.19_N70,LeathaudGreene,Merian,158.23660723094886,2020B-0288,1.9431099620974832,600.0,1
492,--,N708,512,493,S2021A,object,GAMA_J102228.49-005439.00_N70,LeathaudGreene,Merian,155.61871884741214,2020B-0288,-0.9108343353392786,600.0,1
493,--,N708,512,494,S2021A,object,GAMA_J102338.37-005920.28_N70,LeathaudGreene,Merian,155.90988394605162,2020B-0288,-0.9889691897754666,600.0,1
494,--,N708,512,495,S2021A,object,GAMA_J102448.95-010213.11_N70,LeathaudGreene,Merian,156.20396213606838,2020B-0288,-1.0369774298497958,600.0,1
495,--,N708,512,496,S2021A,object,GAMA_J102559.52-010506.59_N70,LeathaudGreene,Merian,156.49803150078088,2020B-0288,-1.0851655078923246,600.0,1
496,--,N708,512,497,S2021A,object,GAMA_J101904.09+003800.39_N70,LeathaudGreene,Merian,154.76708050171473,2020B-0288,0.6334436165766733,600.0,1
497,--,N708,512,498,S2021A,object,GAMA_J102014.17+003320.71_N70,LeathaudGreene,Merian,155.0590490699181,2020B-0288,0.5557535419603388,600.0,1
498,--,N708,512,499,S2021A,object,GAMA_J102124.84+003028.70_N70,LeathaudGreene,Merian,155.35354067626355,2020B-0288,0.5079745701660932,600.0,1
499,--,N708,512,500,S2021A,object,GAMA_J102235.52+002736.03_N70,LeathaudGreene,Merian,155.64800994978881,2020B-0288,0.4600085174458491,600.0,1
500,--,N708,512,501,S2021A,object,GAMA_J102557.70+003632.50_N70,LeathaudGreene,Merian,156.4904343590181,2020B-0288,0.6090286849223463,600.0,1
501,--,N708,512,502,S2021A,object,GAMA_J102707.76+003149.64_N70,LeathaudGreene,Merian,156.78236631646226,2020B-0288,0.530456036029457,600.0,1
502,--,N708,512,503,S2021A,object,GAMA_J102818.44+002856.00_N70,LeathaudGreene,Merian,157.07683812312166,2020B-0288,0.4822235811271309,600.0,1
503,--,N708,512,504,S2021A,object,GAMA_J102929.10+002601.74_N70,LeathaudGreene,Merian,157.37128886610526,2020B-0288,0.4338185548085895,600.0,1
504,--,N708,512,505,S2021A,object,GAMA_J103254.19+003514.51_N70,LeathaudGreene,Merian,158.22581085159538,2020B-0288,0.5873657749790973,600.0,1
505,--,N708,512,506,S2021A,object,GAMA_J103404.25+003028.71_N70,LeathaudGreene,Merian,158.5177090897979,2020B-0288,0.5079762189189077,600.0,1
506,--,N708,512,507,S2021A,object,GAMA_J103514.91+002733.59_N70,LeathaudGreene,Merian,158.81216282721826,2020B-0288,0.4593312050373402,600.0,1
507,--,N708,512,508,S2021A,object,GAMA_J103625.58+002437.90_N70,LeathaudGreene,Merian,159.10659680486438,2020B-0288,0.41052838682672266,600.0,1
508,--,N708,512,509,S2021A,object,GAMA_J102923.97-005522.39_N70,LeathaudGreene,Merian,157.34989855002468,2020B-0288,-0.922887719579268,600.0,1
509,--,N708,512,510,S2021A,object,GAMA_J103033.86-010006.74_N70,LeathaudGreene,Merian,157.6410971299815,2020B-0288,-1.0018738384572283,600.0,1
510,--,N708,512,511,S2021A,object,GAMA_J103144.44-010301.13_N70,LeathaudGreene,Merian,157.93519796426236,2020B-0288,-1.0503159583495951,600.0,1
511,--,N708,512,512,S2021A,object,GAMA_J103255.02-010556.12_N70,LeathaudGreene,Merian,158.2292913075119,2020B-0288,-1.098923281007563,600.0,1
512,--,N708,40,1,S2021A,object,COSMOS_J100028.60+021221.00_N708,LeathaudGreene,Merian,150.11916666666664,2020B-0288,2.2058333333333335,600.0,1
513,--,N708,40,2,S2021A,object,COSMOS_J100048.45+021254.87_N708,LeathaudGreene,Merian,150.2019013560168,2020B-0288,2.2152436472654093,600.0,1
514,--,N708,40,3,S2021A,object,COSMOS_J100027.32+021512.40_N708,LeathaudGreene,Merian,150.11383536198295,2020B-0288,2.253445783645159,600.0,1
515,--,N708,40,4,S2021A,object,COSMOS_J100053.85+021114.00_N708,LeathaudGreene,Merian,150.22440883050103,2020B-0288,2.187223594157668,600.0,1
516,--,N708,40,5,S2021A,object,COSMOS_J100046.75+021144.61_N708,LeathaudGreene,Merian,150.19481539927975,2020B-0288,2.195726086573505,600.0,1
517,--,N708,40,6,S2021A,object,COSMOS_J100008.76+021448.94_N708,LeathaudGreene,Merian,150.03652454966337,2020B-0288,2.246928806061236,600.0,1
518,--,N708,40,7,S2021A,object,COSMOS_J100041.91+020847.81_N708,LeathaudGreene,Merian,150.1746460278352,2020B-0288,2.146616389420321,600.0,1
519,--,N708,40,8,S2021A,object,COSMOS_J100046.89+021006.72_N708,LeathaudGreene,Merian,150.19538902730832,2020B-0288,2.1685359920515554,600.0,1
520,--,N708,40,9,S2021A,object,COSMOS_J100041.22+020911.22_N708,LeathaudGreene,Merian,150.17177771369893,2020B-0288,2.153117347471693,600.0,1
521,--,N708,40,10,S2021A,object,COSMOS_J100023.73+020908.18_N708,LeathaudGreene,Merian,150.09887546342756,2020B-0288,2.1522724578078,600.0,1
522,--,N708,40,11,S2021A,object,COSMOS_J100027.42+021341.42_N708,LeathaudGreene,Merian,150.11427942827518,2020B-0288,2.2281728163427124,600.0,1
523,--,N708,40,12,S2021A,object,COSMOS_J100025.56+021713.51_N708,LeathaudGreene,Merian,150.10653245873195,2020B-0288,2.287086115169942,600.0,1
524,--,N708,40,13,S2021A,object,COSMOS_J100021.36+021830.25_N708,LeathaudGreene,Merian,150.08902348329082,2020B-0288,2.3084044043143854,600.0,1
525,--,N708,40,14,S2021A,object,COSMOS_J100045.61+021456.78_N708,LeathaudGreene,Merian,150.19005060946145,2020B-0288,2.2491061287253498,600.0,1
526,--,N708,40,15,S2021A,object,COSMOS_J100043.36+021042.09_N708,LeathaudGreene,Merian,150.18069041434833,2020B-0288,2.178360894642848,600.0,1
527,--,N708,40,16,S2021A,object,COSMOS_J100033.23+021127.47_N708,LeathaudGreene,Merian,150.13848264508857,2020B-0288,2.1909659974160576,600.0,1
528,--,N708,40,17,S2021A,object,COSMOS_J100037.97+021630.91_N708,LeathaudGreene,Merian,150.15823061307452,2020B-0288,2.275253756580898,600.0,1
529,--,N708,40,18,S2021A,object,COSMOS_J100041.96+021450.30_N708,LeathaudGreene,Merian,150.1748669341837,2020B-0288,2.2473058141266278,600.0,1
530,--,N708,40,19,S2021A,object,COSMOS_J100027.45+021535.79_N708,LeathaudGreene,Merian,150.1143809840229,2020B-0288,2.2599424628085627,600.0,1
531,--,N708,40,20,S2021A,object,COSMOS_J100011.48+021321.50_N708,LeathaudGreene,Merian,150.04786085582052,2020B-0288,2.2226413368506366,600.0,1
532,--,N708,40,21,S2021A,object,COSMOS_J100003.91+021204.33_N708,LeathaudGreene,Merian,150.01629680962932,2020B-0288,2.201204307456123,600.0,1
533,--,N708,40,22,S2021A,object,COSMOS_J100031.87+021045.14_N708,LeathaudGreene,Merian,150.1328107317084,2020B-0288,2.1792075569868388,600.0,1
534,--,N708,40,23,S2021A,object,COSMOS_J100021.36+020647.80_N708,LeathaudGreene,Merian,150.08903737004493,2020B-0288,2.113278144779268,600.0,1
535,--,N708,40,24,S2021A,object,COSMOS_J100039.20+020720.84_N708,LeathaudGreene,Merian,150.16335495747563,2020B-0288,2.122457239780678,600.0,1
536,--,N708,40,25,S2021A,object,COSMOS_J100044.18+021434.82_N708,LeathaudGreene,Merian,150.18411313587902,2020B-0288,2.2430061056985773,600.0,1
537,--,N708,40,26,S2021A,object,COSMOS_J100045.66+020922.23_N708,LeathaudGreene,Merian,150.1902681935659,2020B-0288,2.156177409059657,600.0,1
538,--,N708,40,27,S2021A,object,COSMOS_J100025.77+020833.90_N708,LeathaudGreene,Merian,150.10737557820332,2020B-0288,2.1427516854714033,600.0,1
539,--,N708,40,28,S2021A,object,COSMOS_J100015.81+020758.92_N708,LeathaudGreene,Merian,150.06589676212943,2020B-0288,2.1330341195149147,600.0,1
540,--,N708,40,29,S2021A,object,COSMOS_J100013.10+021332.08_N708,LeathaudGreene,Merian,150.05461922932957,2020B-0288,2.2255788061642434,600.0,1
541,--,N708,40,30,S2021A,object,COSMOS_J100018.69+021637.20_N708,LeathaudGreene,Merian,150.07788171516813,2020B-0288,2.277001044089635,600.0,1
542,--,N708,40,31,S2021A,object,COSMOS_J100031.10+020740.86_N708,LeathaudGreene,Merian,150.12958501001827,2020B-0288,2.128018435676376,600.0,1
543,--,N708,40,32,S2021A,object,COSMOS_J100052.69+021450.47_N708,LeathaudGreene,Merian,150.21954938521012,2020B-0288,2.2473530655754983,600.0,1
544,--,N708,40,33,S2021A,object,COSMOS_J100041.74+021053.55_N708,LeathaudGreene,Merian,150.17394826727104,2020B-0288,2.1815428628959177,600.0,1
545,--,N708,40,34,S2021A,object,COSMOS_J100041.74+020815.20_N708,LeathaudGreene,Merian,150.17392572844628,2020B-0288,2.137555671856795,600.0,1
546,--,N708,40,35,S2021A,object,COSMOS_J100041.09+020639.80_N708,LeathaudGreene,Merian,150.17124215229558,2020B-0288,2.1110570552792995,600.0,1
547,--,N708,40,36,S2021A,object,COSMOS_J100035.46+021054.68_N708,LeathaudGreene,Merian,150.1477667574672,2020B-0288,2.181856628086745,600.0,1
548,--,N708,40,37,S2021A,object,COSMOS_J100052.94+021337.79_N708,LeathaudGreene,Merian,150.22058798312236,2020B-0288,2.227164096728578,600.0,1
549,--,N708,40,38,S2021A,object,COSMOS_J100041.74+021253.23_N708,LeathaudGreene,Merian,150.1739542247702,2020B-0288,2.2147883961029167,600.0,1
550,--,N708,40,39,S2021A,object,COSMOS_J100019.07+021753.57_N708,LeathaudGreene,Merian,150.07948928180366,2020B-0288,2.298215092433441,600.0,1
551,--,N708,40,40,S2021A,object,COSMOS_J100048.22+020659.37_N708,LeathaudGreene,Merian,150.2009303300959,2020B-0288,2.116493166341648,600.0,1
